FishID,Lake,Mass_g,Ectoparasites_YN,SL_mm,BodyDepth,BuccalCavityLength,Sex_MFU,ProcessedBy,GapeWidth,EpWidth,ProcessedBy,RakerNum,RakerLength1,RakerLength2,RakerLength3,RakerLength4,IRSpace1,IRSpace2,IRSpace3,,Notes
S180130,Arc,0.87,N,42.64,9.99,8.55,F,Grant,,,,,,,,,,,,,
S180129,Arc,0.97,N,46.12,10.14,9.38,F,Grant,,,,,,,,,,,,,
S180128,Arc,2.07,N,59.05,13.31,12.44,F,Grant,,,,,,,,,,,,,
S180127,Arc,2.1,N,60.44,13.86,12.98,F,Grant,,,,,,,,,,,,,
S180126,Arc,1.91,N,54.22,12.85,12.76,U,Grant,,,,,,,,,,,,,
S180125,Arc,1.22,N,45.28,10.31,10.13,F,Grant,,,,,,,,,,,,,
S180117,Arc,0.77,N,38.79,9.59,8.33,U,Grant,,,,,,,,,,,,,
S180118,Arc,0.91,N,45.37,9.92,10.5,F,Grant,,,,,,,,,,,,,
S180119,Arc,1.02,N,45.68,10.95,9.06,F,Grant,,,,,,,,,,,,,
S180120,Arc,1,N,44.04,10.35,8.89,F,Grant,,,,,,,,,,,,,
S180122,Arc,2.5,N,60.38,13.76,13.12,M,Bailey,,,,,,,,,,,,,
S180124,Arc,0.95,N,44.17,10,9.39,U,Bailey,,,,,,,,,,,,,
S180123,Arc,1.17,N,46.7,10.61,10.33,F,Bailey,,,,,,,,,,,,,
S180121,Arc,1.74,N,53.57,11.81,10.05,F,Bailey,,,,,,,,,,,,,
S180111,Arc,0.87,N,41.74,9.56,9.35,U,Bailey,,,,,,,,,,,,,
S180112,Arc,1.09,N,44.25,10.55,8.87,F,Bailey,,,,,,,,,,,,,
S180113,Arc,2.05,N,56.33,13.46,11.11,F,Bailey,,,,,,,,,,,,,
S180114,Arc,3.17,N,63.74,15.04,13.75,F,Bailey,,,,,,,,,,,,,
S180115,Arc,2.45,N,56.74,13.79,13.12,M,Bailey,,,,,,,,,,,,,
S180116,Arc,2.41,N,56.59,13.41,14.73,M,Bailey,,,,,,,,,,,,,
S180309,Ruth,3.61,N,73.61,15.52,17.35,F,Bailey,,,,,,,,,,,,,
S180319,Ruth,1.83,N,57.95,11.75,13.31,F,Bailey,,,,,,,,,,,,,
S180318,Ruth,1.81,N,54.03,12.2,11.86,F,Bailey,,,,,,,,,,,,,
S180317,Ruth,1.78,N,54.93,11.73,12.07,F,Bailey,2.97,6.57,Grant,20,,,,,,,,,
S180310,Ruth,1.3,N,48.19,11.13,11.38,F,Bailey,,,,,,,,,,,,,
S180311,Ruth,1.36,Y,48.6,10.9,11.37,F,Bailey,,,,,,,,,,,,,
S180313,Ruth,2.47,N,65.75,13.45,14.23,F,Bailey,,,,,,,,,,,,,
S180316,Ruth,1.33,N,51.32,10.39,12.06,M,Bailey,2.83,5.75,Grant,17,,,,,,,,,
S180315,Ruth,1.03,N,44.98,10.1,10.45,F,Bailey,,,,,,,,,,,,,
S180314,Ruth,0.51,N,37,8.08,8.3,U,Bailey,,,,,,,,,,,,,
S180328,Tern,2.08,N,53.75,12.63,10.96,F,Bailey,2.68,6.17,Grant,,,,,,,,,,
S180329,Tern,2.71,N,58.3,11.68,13.15,F,Bailey,3.76,6.41,Grant,,,,,,,,,,
S180340,Tern,1.55,N,49.06,11.73,11.8,M,Bailey,3.22,6.27,Grant,,,,,,,,,,
S180339,Tern,0.62,N,39.11,8.27,8.61,U,Bailey,2,4.48,Grant,,,,,,,,,,
S180336,Tern,2.07,N,52.43,12.78,10.41,F,Bailey,,,,,,,,,,,,,
S180335,Tern,1.82,N,50.81,11.76,11.28,F,Bailey,,,,,,,,,,,,,
S180333,Tern,1.99,N,54.1,12.01,10.53,F,Bailey,,,,,,,,,,,,,
S180332,Tern,0.34,N,31.2,6.87,7.1,U,Bailey,1.17,3.65,Grant,,,,,,,,,,
S180330,Tern,0.63,N,37.63,8.71,8.31,M,Bailey,,,,,,,,,,,,,
S180331,Tern,0.43,N,34.84,7.49,8.76,U,Bailey,,,,,,,,,,,,,
S180061,G,1.27,N,49.19,10.28,13.62,F,Louis,,,,,,,,,,,,,
S180063,G,1.17,N,51.33,9.83,11.45,F,Louis,,,,,,,,,,,,,
S180064,G,0.84,N,45.23,8.1,10.69,F,Louis,,,,,,,,,,,,,
S180065,G,0.75,N,41.54,8.48,11.22,M,Louis,,,,,,,,,,,,,
S180066,G,0.87,N,47.73,8.01,10.94,F,Louis,,,,,,,,,,,,,
S180070,G,0.9,N,42.06,9.72,10.9,F,Louis,,,,,,,,,,,,,
S180068,G,0.85,N,46.66,8.64,10.97,F,Louis,,,,,,,,,,,,,
S180067,G,0.83,N,44.64,9.55,10.56,F,Louis,,,,,,,,,,,,,
S180069,G,0.72,N,45.18,8,11.63,F,Louis,,,,,,,,,,,,,
S180062,G,1.33,N,48.03,9.42,13.39,F,Louis,,,,,,,,,,,,,
S180249,Ruth,1.55,N,48.66,11.08,11.86,M,Louis,,,,,,,,,,,,,
S180250,Ruth,1.09,N,47.06,9.71,11.01,F,Louis,,,,,,,,,,,,,
S180251,Ruth,1,N,45.6,9.44,9.72,F,Louis,,,,,,,,,,,,,
S180252,Ruth,1.46,N,55.06,10.96,12.94,M,Louis,,,,,,,,,,,,,
S180253,Ruth,0.47,N,37.04,7.4,9.16,M,Louis,,,,,,,,,,,,,
S180254,Ruth,1.1,N,47.63,10.75,11.65,U,Louis,,,,,,,,,,,,,
S180255,Ruth,0.82,N,44.55,9.34,9.62,F,Louis,,,,,,,,,,,,,
S180256,Ruth,2.66,N,62.66,13.4,15.26,M,Louis,,,,,,,,,,,,,
S180257,Ruth,0.56,N,38.3,8.05,8.24,M,Louis,,,,,,,,,,,,,
S180258,Ruth,0.65,N,40.12,8.75,8.81,F,Louis,,,,,,,,,,,,,
S180421,Watson,0.43,N,35.36,7.87,7.94,U,Louis,1.82,4.23,Grant,,,,,,,,,,
S180422,Watson,0.62,N,38.23,9.2,9.49,M,Louis,,,,,,,,,,,,,
S180423,Watson,0.62,N,39.26,9.45,9.06,F,Louis,,,,,,,,,,,,,
S180424,Watson,0.95,N,47.11,9.97,10.73,F,Louis,2.53,5.4,Grant,,,,,,,,,,
S180425,Watson,0.69,Y,39.69,9.52,8.84,F,Louis,2.04,4.66,Grant,21,,,,,,,,,
S180426,Watson,0.54,N,39.02,7.97,8.57,F,Louis,,,,,,,,,,,,,
S180427,Watson,1.28,N,49.03,11.7,12.72,M,Louis,2.92,5.83,Grant,,,,,,,,,,
S180428,Watson,0.89,N,43.85,9.79,9.91,F,Louis,1.96,5.1,Grant,18,,,,,,,,,
S180429,Watson,0.36,N,32.84,7.48,7.66,M,Louis,,,,,,,,,,,,,
S180430,Watson,1.19,N,49.94,11.53,12.71,M,Louis,,,,,,,,,,,,,
S180390,Engineer,1.21,N,47.44,9.49,11.41,M,Louis,,,,,,,,,,,,,
S180389,Engineer,1.57,N,53.89,11.77,12.52,F,Louis,3.11,6.57,Grant,,,,,,,,,,
S180388,Engineer,1.83,N,52.69,10.94,12.07,F,Louis,,,,,,,,,,,,,
S180387,Engineer,1.33,N,51.23,10.01,10.99,F,Louis,2.67,5.73,Grant,,,,,,,,,,
S180386,Engineer,1.76,N,51.83,11.17,12.11,F,Louis,3.18,6.14,Grant,,,,,,,,,,
S180385,Engineer,2.62,N,51.19,12.4,11.05,F,Louis,,,,,,,,,,,,,
S180384,Engineer,1.36,N,50.1,9.97,11.74,F,Louis,,,,,,,,,,,,,
S180383,Engineer,1.93,N,56,12.21,12.49,F,Louis,,,,,,,,,,,,,
S180382,Engineer,1.46,N,50.2,11.06,12.68,M,Louis,,,,,,,,,,,,,
S180381,Engineer,1.64,N,51.07,11.1,12.79,M,Louis,3.36,6.54,Grant,,,,,,,,,,
S180201,Echo,3.94,N,67.98,15.83,17.09,F,Bailey,5.57,7.6,Grant,22,,,,,,,,,
S180202,Echo,0.48,N,42.51,7.27,9.37,F,Bailey,,,,,,,,,,,,,
S180203,Echo,0.91,N,48.88,9.25,11.58,F,Bailey,2.77,5.71,Grant,20,,,,,,,,,
S180204,Echo,2.21,N,61.16,12.28,14.64,F,Bailey,3.72,7.16,Grant,21,,,,,,,,,
S180205,Echo,1.85,N,58.13,12.12,13.44,F,Bailey,,,,,,,,,,,,,
S180206,Echo,0.93,N,49.05,9.31,11.81,F,Bailey,,,,,,,,,,,,,
S180207,Echo,0.56,N,39.47,7.06,9.73,F,Bailey,,,,,,,,,,,,,
S180208,Echo,0.79,N,45.8,8.47,11.91,F,Bailey,,,,,,,,,,,,,
S180209,Echo,0.49,N,44.63,7.76,10.1,U,Bailey,1.74,4.78,Grant,19,,,,,,,,,
S180210,Echo,0.66,N,45.26,8.36,10.54,F,Bailey,,,,,,,,,,,,,
S180481,Engineer,1.11,N,47.31,10.28,11.67,F,Bailey,,,,,,,,,,,,,
S180482,Engineer,1.66,N,50.8,12.19,10.97,F,Bailey,,,,,,,,,,,,,
S180483,Engineer,1.24,N,51.02,11.17,11.05,F,Bailey,,,,,,,,,,,,,
S180484,Engineer,1.34,N,48.99,9.54,10.6,F,Bailey,,,,,,,,,,,,,
S180485,Engineer,0.87,N,45.69,9.2,10.36,F,Bailey,,,,,,,,,,,,,
S180486,Engineer,2.71,N,62.04,12.88,13.8,F,Bailey,,,,,,,,,,,,,
S180487,Engineer,1.47,Y,53.56,10.94,12.18,M,Bailey,,,,,,,,,,,,,Black spot under left pectoral fin
S180488,Engineer,1.31,N,52.07,9.99,11.43,F,Bailey,,,,,,,,,,,,,
S180489,Engineer,1.2,N,50.47,10.79,11.24,F,Bailey,,,,,,,,,,,,,
S180490,Engineer,1.21,N,50.36,9.87,11.98,F,Bailey,,,,,,,,,,,,,
S180742,Long,0.46,N,40.06,7.77,7.95,F,Louis,,,,,,,,,,,,,
S180743,Long,1.39,Y,52.8,11.06,12.47,M,Louis,,,,,,,,,,,,,
S180744,Long,1.1,N,52.99,10.36,12.88,M,Louis,,,,,,,,,,,,,
S180745,Long,0.57,N,40.17,8.04,9.19,M,Louis,,,,,,,,,,,,,
S180738,Long,0.79,N,47.19,9.09,11.38,M,Louis,,,,,,,,,,,,,
S180739,Long,1.03,N,52.5,10.23,11.9,F,Louis,,,,,,,,,,,,,
S180740,Long,1.07,N,53.15,10.41,12.74,M,Louis,,,,,,,,,,,,,
S180741,Long,1.13,N,51.6,10.26,12.87,M,Louis,,,,,,,,,,,,,
S180733,Long,1.11,Y,51.62,10.41,12.25,M,Louis,,,,,,,,,,,,,
S180732,Long,0.76,N,47.63,8.24,11.08,M,Louis,,,,,,,,,,,,,
S180731,Long,0.53,N,40.91,7.76,8.47,M,Louis,,,,,,,,,,,,,
S180730,Long,0.91,N,49,9.25,11.35,M,Louis,,,,,,,,,,,,,
S180584,Spirit,0.66,N,43.33,8.07,9.71,F,Bailey,,,,,,,,,,,,,
S180583,Spirit,0.46,N,38.59,7.2,8.87,U,Bailey,,,,,,,,,,,,,
S180582,Spirit,0.9,N,43.2,8.85,10.45,F,Bailey,,,,,,,,,,,,,
S180581,Spirit,1.31,N,52.69,10.22,11.52,F,Bailey,,,,,,,,,,,,,
S180580,Spirit,0.63,N,41.45,8.18,9.12,F,Bailey,,,,,,,,,,,,,
S180579,Spirit,0.64,N,41.76,7.23,8.92,F,Bailey,,,,,,,,,,,,,
S180578,Spirit,0.6,N,44.64,7.96,10.8,M,Bailey,,,,,,,,,,,,,
S180577,Spirit,1.6,N,53.99,10.25,13.28,F,Bailey,,,,,,,,,,,,,
S180576,Spirit,0.57,N,37.84,8.39,8.53,F,Bailey,,,,,,,,,,,,,
S180575,Spirit,0.54,N,40.94,7.52,8.86,F,Bailey,,,,,,,,,,,,,
S180341,Watson,1.08,N,49.95,10.73,12.65,F,Bailey,,,,,,,,,,,,,
S180342,Watson,1.1,Y,50.37,10.62,11.01,M,Bailey,,,,,,,,,,,,,Small round growths/parasites on pec fins
S180343,Watson,0.65,N,42,9.03,9.87,F,Bailey,,,,,,,,,,,,,
S180344,Watson,0.75,N,42.6,9.28,9.13,M,Bailey,,,,,,,,,,,,,
S180345,Watson,0.88,N,43.11,10.05,10.57,M,Bailey,,,,,,,,,,,,,
S180346,Watson,0.59,N,43.83,8.55,10.07,F,Bailey,,,,,,,,,,,,,
S180347,Watson,0.5,N,39.2,7.87,9,M,Bailey,,,,,,,,,,,,,
S180348,Watson,0.46,N,38.09,7.41,8.99,M,Bailey,,,,,,,,,,,,,
S180349,Watson,0.59,N,41.87,8.89,9.19,F,Bailey,,,,,,,,,,,,,
S180350,Watson,0.86,N,45.34,10.13,9.91,F,Bailey,,,,,,,,,,,,,
S180622,Wik,0.63,N,45.02,7.38,9.53,F,Louis,,,,,,,,,,,,,
S180621,Wik,0.95,N,48.49,9.68,12.03,M,Louis,,,,,,,,,,,,,
S180620,Wik,0.8,N,45.44,7.46,11.18,M,Louis,,,,,,,,,,,,,
S180619,Wik,0.83,N,47.76,8.62,11.19,F,Louis,,,,,,,,,,,,,
S180615,Wik,0.91,N,48.39,8.82,11.09,F,Louis,,,,,,,,,,,,,
S180616,Wik,0.96,N,47.79,8.22,12.19,M,Louis,,,,,,,,,,,,,
S180617,Wik,0.71,N,41.54,7.53,9.21,F,Louis,,,,,,,,,,,,,
S180618,Wik,1.12,N,50.63,9.43,11.38,M,Louis,,,,,,,,,,,,,
S180611,Wik,0.66,N,43.52,8.17,11.27,U,Louis,,,,,,,,,,,,,
S180612,Wik,0.89,N,50.09,7.93,11.03,F,Louis,,,,,,,,,,,,,
S180613,Wik,0.44,N,38.57,6.34,9.37,F,Louis,,,,,,,,,,,,,
S180614,Wik,0.64,N,43.55,7.2,10.45,F,Louis,,,,,,,,,,,,,
S180051,G,0.91,N,47.95,9.53,10.21,F,Bailey,,,,,,,,,,,,,
S180052,G,1.05,N,45.08,8.99,10.3,F,Bailey,,,,,,,,,,,,,
S180053,G,1.08,N,48.58,9.66,11.94,F,Bailey,,,,,,,,,,,,,
S180054,G,1.62,N,55.8,10.26,14.24,M,Bailey,,,,,,,,,,,,,
S180055,G,1.32,N,52.1,9.82,11.6,F,Bailey,,,,,,,,,,,,,
S180056,G,1.14,N,50.37,10.5,12.01,F,Bailey,,,,,,,,,,,,,"Missing Tag, Replace upon finding"
S180057,G,1.2,N,53.77,9.28,12.16,F,Bailey,,,,,,,,,,,,,
S180058,G,0.73,N,46.77,8.74,10.87,F,Bailey,,,,,,,,,,,,,
S180059,G,1.09,N,50.68,8.64,11.94,F,Bailey,,,,,,,,,,,,,
S180060,G,1.65,N,57.38,10.5,13.92,M,Bailey,,,,,,,,,,,,,
S180248,Ruth,1.16,N,49.86,10.1,12.03,M,Grant,,,,,,,,,,,,,
S180247,Ruth,0.42,N,36.85,7.03,8.06,U,Grant,,,,,,,,,,,,,
S180246,Ruth,0.49,N,39.69,7.68,8.68,M,Grant,,,,,,,,,,,,,
S180245,Ruth,0.4,N,36.06,6.96,8.05,M,Grant,,,,,,,,,,,,,
S180244,Ruth,1.74,N,54.29,12.54,13.27,F,Grant,,,,,,,,,,,,,
S180243,Ruth,1.23,N,49.54,10.64,11.02,M,Grant,,,,,,,,,,,,,
S180242,Ruth,0.41,N,34.57,7.38,8.01,M,Grant,,,,,,,,,,,,,
S180241,Ruth,0.57,Y,39.58,8.14,8.31,F,Grant,,,,,,,,,,,,,parasitic copepods
S180240,Ruth,3.17,N,66.32,13.98,15,F,Grant,,,,,,,,,,,,,
S180239,Ruth,2.78,N,62.45,14.66,15.52,F,Grant,4.12,8.35,Grant,19,,,,,,,,,
S180401,Jean,0.9,N,43.25,10.49,11.16,M,Louis,,,,,,,,,,,,,
S180402,Jean,1.74,N,50.49,12.62,13,F,Louis,,,,,,,,,,,,,
S180403,Jean,1,N,44.73,11.06,10.69,F,Louis,,,,,,,,,,,,,
S180404,Jean,1,N,46.05,10.75,10.99,F,Louis,,,,,,,,,,,,,
S180405,Jean,0.82,N,41.6,9.19,10.92,M,Louis,,,,,,,,,,,,,
S180406,Jean,0.67,N,39.79,9.68,9.76,M,Louis,,,,,,,,,,,,,
S180407,Jean,0.7,N,41.52,9.4,9.73,F,Louis,,,,,,,,,,,,,
S180408,Jean,0.77,N,41.56,9.94,9.22,F,Louis,,,,,,,,,,,,,
S180409,Jean,1.08,N,47.22,10.75,12.37,M,Louis,,,,,,,,,,,,,
S180410,Jean,0.72,N,39.62,9.6,10.24,F,Louis,,,,,,,,,,,,,
S180574,Spirit,0.45,N,37.28,6.48,9.15,U,Louis,,,,,,,,,,,,,
S180573,Spirit,0.63,N,41.31,7.68,9.57,M,Louis,2.17,4.71,Grant,22,,,,,,,,,
S180572,Spirit,0.85,N,44.25,8.06,10.72,M,Louis,2.46,5.25,Grant,19,,,,,,,,,
S180571,Spirit,0.43,N,39.27,7.19,8.06,F,Louis,2.08,4.32,Grant,,,,,,,,,,
S180570,Spirit,1.03,N,53.87,10.01,12.1,F,Louis,3.01,5.81,Grant,19,,,,,,,,,
S180569,Spirit,0.84,N,45.81,9.63,10.43,F,Louis,2.32,5.12,Grant,,,,,,,,,,
S180568,Spirit,1.38,N,52.21,11.12,11.54,F,Louis,3.04,6.29,Grant,,,,,,,,,,
S180567,Spirit,1.12,N,48.34,10.36,10.86,F,Louis,2.4,5.9,Grant,21,,,,,,,,,
S180566,Spirit,2.15,N,60.4,13.01,13.73,F,Louis,3.71,7.23,Grant,,,,,,,,,,No pelvic spines
S180565,Spirit,0.33,N,33.69,6.85,7.49,U,Louis,1.52,3.8,Grant,20,,,,,,,,,
S180774,Walby,1.13,N,47.76,10.55,10.63,F,Louis,1.62,4.24,Grant,,,,,,,,,,
S180775,Walby,0.66,N,42.96,8.26,8.52,F,Louis,,,,,,,,,,,,,
S180776,Walby,0.62,N,40.33,8.9,9.97,F,Louis,,,,,,,,,,,,,
S180777,Walby,0.61,N,39.52,8.83,9.65,F,Louis,,,,,,,,,,,,,
S180770,Walby,0.35,N,36.01,7.24,8.02,F,Louis,,,,,,,,,,,,,
S180771,Walby,0.89,N,45.94,9.28,11.4,M,Louis,,,,,,,,,,,,,
S180772,Walby,0.73,Y,44.97,9.92,11.35,M,Louis,2.12,5.28,Grany,21,,,,,,,,,
S180773,Walby,0.79,Y,42.3,10.03,9.65,F,Louis,,,,,,,,,,,,,
S180746,Walby,0.7,N,41.81,8.94,9.58,F,Louis,,,,,,,,,,,,,
S180747,Walby,1.15,N,47.94,10.16,10.28,F,Louis,,,,,,,,,,,,,
S180748,Walby,0.63,N,42.59,8.68,10.55,U,Louis,,,,,,,,,,,,,
S180749,Walby,0.52,N,40.03,8.37,9.24,F,Louis,,,,,,,,,,,,,
S180420,Watson,0.83,N,41.32,9.69,9.82,F,Grant,,,,,,,,,,,,,
S180419,Watson,0.74,N,41.52,9.83,10.19,F,Grant,,,,,,,,,,,,,
S180411,Watson,0.86,N,45,10.46,10.9,F,Grant,2.3,5.17,Grant,18,,,,,,,,,
S180418,Watson,0.7,N,42.79,9.57,9.47,F,Grant,,,,,,,,,,,,,
S180417,Watson,0.87,N,44.35,9.83,10.69,M,Grant,,,,,,,,,,,,,
S180416,Watson,0.83,Y,46.32,10.41,11.04,F,Grant,,,,,,,,,,,,,copepod?
S180415,Watson,1.38,Y,49.79,11.88,10.87,F,Grant,,,,,,,,,,,,,encysted mussel? on eye
S180414,Watson,0.73,N,44.16,9.83,10.18,F,Grant,,,,,,,,,,,,,
S180413,Watson,0.55,Y,38.83,8.49,9.57,F,Grant,,,,,,,,,,,,,mussel? on eye
S180412,Watson,0.51,N,39.11,8.52,9.37,F,Grant,,,,,,,,,,,,,
S180649,South_Rolly,0.6,N,45.65,7.88,10.57,M,Louis,2.01,4.86,Grant,20,,,,,,,,,
S180650,South_Rolly,0.47,N,40.76,7.05,9.44,M,Louis,,,,,,,,,,,,,
S180651,South_Rolly,0.5,N,42.19,7.69,9.98,F,Louis,,,,,,,,,,,,,
S180652,South_Rolly,1.36,N,52.63,11.6,13.58,M,Louis,2.67,6.24,Grant,21,,,,,,,,,
S180645,South_Rolly,0.88,N,51.56,9.07,11.67,F,Louis,,,,,,,,,,,,,
S180646,South_Rolly,0.78,Y,47.95,8.56,10.68,M,Louis,2.22,5.01,Grant,20,,,,,,,,,White spots on body
S180647,South_Rolly,1.66,Y,54.75,11.66,12.77,M,Louis,2.93,6.04,Grant,19,,,,,,,,,White spots on body
S180648,South_Rolly,1.7,N,57.94,11.69,13.86,M,Louis,3.19,6.59,Grant,23,,,,,,,,,
S180653,South_Rolly,0.74,N,46.48,7.91,10.71,M,Louis,2.65,4.87,Grant,21,,,,,,,,,
S180654,South_Rolly,0.46,N,40.09,7.47,9.45,M,Louis,,,,,,,,,,,,,
S180655,South_Rolly,0.61,N,43.66,8.11,10.4,M,Louis,2.06,4.68,Grant,22,,,,,,,,,
S180656,South_Rolly,0.58,N,44.87,8.12,9.71,F,Louis,,,,,,,,,,,,,
S180997,Finger,0.8,N,45.56,9.77,10.39,F,Louis,2.55,5.34,Grant,23,,,,,,,,,
S180998,Finger,0.53,N,39.64,8.47,8.64,F,Louis,2.12,4.26,Grant,20,,,,,,,,,
S180999,Finger,0.56,N,40.79,8.45,8.51,F,Louis,,,,,,,,,,,,,
S181000,Finger,0.5,N,36.99,7.58,9.06,U,Louis,,,,,,,,,,,,,
S180996,Finger,0.67,N,43.43,9.25,9.12,M,Louis,1.98,4.84,Grant,20,,,,,,,,,
S180995,Finger,0.98,N,46.75,10.5,10.25,F,Louis,2.68,5.6,Grant,18,,,,,,,,,
S180994,Finger,0.85,Y,46.12,9.62,10.3,M,Louis,,,,,,,,,,,,,Black spots end of the tail
S180993,Finger,1.71,Y,51.35,13.09,11.57,F,Louis,3.08,6.41,Grant,19,,,,,,,,,Black spots on left pectoral
S180832,Finger,0.44,N,36.01,7.79,8.71,U,Louis,1.97,4.12,Grant,21,,,,,,,,,
S180833,Finger,1.24,N,51.46,11.01,12.05,M,Louis,2.75,6.02,Grant,20,,,,,,,,,
S180834,Finger,1.19,N,49.98,10.76,10.4,F,Louis,2.57,5.68,Grant,20,,,,,,,,,
S180835,Finger,1.22,N,49.44,11.56,11.14,F,Louis,3.03,5.83,Grant,21,,,,,,,,,
S180371,Engineer,2.27,N,55.26,12.56,12.98,F,Grant,,,,,,,,,,,,,
S180372,Engineer,1.36,N,48.78,11.44,10.67,F,Grant,,,,,,,,,,,,,
S180373,Engineer,1.88,N,55.05,12.07,13.08,F,Grant,,,,,,,,,,,,,
S180374,Engineer,1.89,N,58.37,11.92,12.61,F,Grant,,,,,,,,,,,,,
S180380,Engineer,1.66,N,52.85,12.36,12.57,F,Grant,2.87,5.92,Grant,23,,,,,,,,,
S180379,Engineer,1.82,N,50.19,13.09,11.79,F,Grant,2.68,5.78,Grant,19,,,,,,,,,
S180375,Engineer,3.1,N,64.57,14.47,13.21,F,Grant,3.38,7.18,Grant,19,,,,,,,,,
S180378,Engineer,1.09,N,46.51,10.59,9.57,F,Grant,,,,,,,,,,,,,
S180377,Engineer,1.31,N,49.55,10.49,10,F,Grant,2.15,5.54,Grant,21,,,,,,,,,
S180376,Engineer,2.11,N,46.78,12.59,12.12,F,Grant,2.88,6.95,Grant,21,,,,,,,,,
S180696,Corcoran,0.88,N,43.01,9.83,10.2,F,Louis,2.98,5.65,Grant,19,,,,,,,,,
S180695,Corcoran,0.47,N,35.51,7.46,7.7,F,Louis,2,4.07,Grant,20,,,,,,,,,
S180694,Corcoran,0.4,Y,33.98,7.84,7.86,F,Louis,1.85,4.32,Grant,19,,,,,,,,,Little black spots
S180693,Corcoran,1.14,Y,46.84,10.59,13.5,M,Louis,3.47,5.56,Grant,21,,,,,,,,,Little black spots
S180692,Corcoran,0.64,N,42.69,8.68,10.52,M,Louis,2.45,4.92,Grant,19,,,,,,,,,
S180691,Corcoran,0.83,N,46.14,9.52,10.47,F,Louis,,,,,,,,,,,,,
S180690,Corcoran,1.1,Y,49.12,10.73,13.15,M,Louis,2.97,5.93,Grant,21,,,,,,,,,Little black spots
S180689,Corcoran,0.99,N,47.44,10.27,10.99,F,Louis,2.85,5.64,Grant,21,,,,,,,,,
S180531,Tern,1.58,Y,52.32,11.13,13.11,M,Louis,3.05,6.19,Grant,19,,,,,,,,,Little black spots
S180532,Tern,0.25,N,28.25,6.71,6.1,U,Louis,,,,,,,,,,,,,
S180533,Tern,0.45,N,35.49,8.55,7.36,M,Louis,1.92,4.33,Grant,18,,,,,,,,,
S180534,Tern,0.3,N,31.47,6.87,7.48,M,Louis,1.69,4.09,Grant,20,,,,,,,,,
S180535,Tern,0.38,N,34.08,7.29,6.62,F,Louis,1.79,4.09,Grant,16,,,,,,,,,
S180536,Tern,2.11,N,57.73,12.64,13.62,F,Louis,3.56,6.48,Grant,19,,,,,,,,,
S180537,Tern,2.5,N,59.04,13.93,11.16,F,Louis,3.35,7.01,Grant,18,,,,,,,,,
S180538,Tern,1.21,N,46.69,11.14,8.52,F,Louis,,,,,,,,,,,,,
S180539,Tern,1.44,N,48.81,11.5,8.67,F,Louis,2.81,5.54,Grant,18,,,,,,,,,
S180540,Tern,0.49,N,35.7,8.06,7.26,M,Louis,,,,,,,,,,,,,
S180110,Arc,0.88,N ,47.04,10.63,9.74,F,Louis,,,,,,,,,,,,,
S180109,Arc,1.02,N ,48,11.13,8.91,F,Louis,,,,,,,,,,,,,
S180108,Arc,0.65,N ,43.99,9.39,8.73,F,Louis,,,,,,,,,,,,,
S180107,Arc,0.74,N ,41.22,9.65,8.47,U,Louis,,,,,,,,,,,,,Seems like little tumor on the left side
S180106,Arc,0.8,N ,43.97,10.15,9.56,M,Louis,,,,,,,,,,,,,
S180105,Arc,1.26,N ,48.05,11.32,9.85,F,Louis,,,,,,,,,,,,,
S180104,Arc,3.08,N ,57.72,14.44,11.3,F,Louis,,,,,,,,,,,,,
S180103,Arc,3.74,N ,62.04,15.85,11.24,F,Louis,,,,,,,,,,,,,
S180102,Arc,2.96,N ,60.54,15.92,11.2,F,Louis,,,,,,,,,,,,,
S180101,Arc,1.74,N ,54.42,13.73,11.33,U,Louis,,,,,,,,,,,,,
S180734,Long,0.64,N,42.88,8.24,9.67,F,Grant,1.85,4.55,Grant,20,,,,,,,,,
S180735,Long,0.36,N,37.52,6.82,9.04,M,Grant,1.63,3.96,Grant,21,,,,,,,,,
S180736,Long,0.95,N,50.16,9.64,11.37,M,Grant,2.66,5.3,Grant,24,,,,,,,,,
S180737,Long,0.96,N,50.26,9.46,11.22,M,Grant,2.39,5.04,Grant,24,,,,,,,,,
S180726,Long,0.78,N,44.79,9.21,9.99,F,Grant,,,,,,,,,,,,,
S180727,Long,0.72,N,43.72,8.59,9.68,M,Grant,,,,,,,,,,,,,
S180728,Long,1.1,Y,52.6,10.19,11.94,F,Grant,,,,,,,,,,,,,mussels?
S180729,Long,0.98,N,50.25,9.4,11.32,M,Grant,,,,,,,,,,,,,
S180722,Long,0.43,Y,39.96,7.38,8.82,M,Grant,,,,,,,,,,,,,mussels?
S180723,Long,1.22,N,53.32,10.27,12.56,M,Grant,,,,,,,,,,,,,
S180724,Long,0.78,N,52.01,8.95,11.8,M,Grant,,,,,,,,,,,,,
S180725,Long,1.05,N,52.7,9.64,11.55,M,Grant,,,,,,,,,,,,,
S180091,G,0.79,N,44.71,8.33,9.01,F,Louis,,,,,,,,,,,,,
S180092,G,0.7,N,46.22,7.91,10.28,F,Louis,,,,,,,,,,,,,
S180093,G,1.2,N,50.57,10.14,12.45,M,Louis,,,,,,,,,,,,,
S180094,G,1.37,N,55.41,9.9,13.86,M,Louis,,,,,,,,,,,,,
S180095,G,0.78,N,46.13,9.07,10.31,F,Louis,,,,,,,,,,,,,
S180096,G,0.7,N,46.69,8.94,10.2,F,Louis,,,,,,,,,,,,,
S180097,G,1.34,N,53.26,9.43,12.58,M,Louis,,,,,,,,,,,,,
S180098,G,0.82,N,46.41,8.28,9.91,F,Louis,,,,,,,,,,,,,
S180099,G,1.34,N,51.69,8.89,11.93,U,Louis,,,,,,,,,,,,,
S180100,G,1.45,N,53.16,8.98,13.7,M,Louis,,,,,,,,,,,,,
S180279,Ruth,1.36,N,54.49,11.75,13.15,M,Louis,,,,,,,,,,,,,
S180280,Ruth,1.08,N,47.12,9.68,10.28,F,Louis,,,,,,,,,,,,,
S180281,Ruth,0.77,N,44.69,8.91,10.06,M,Louis,,,,,,,,,,,,,
S180282,Ruth,2.17,N,61.39,12.72,14.87,F,Louis,,,,,,,,,,,,,
S180283,Ruth,1.58,Y,52.14,10.91,11.04,F,Louis,,,,,,,,,,,,,White ectoparasite under skin
S180284,Ruth,1.11,N,51.16,9.78,10.86,F,Louis,,,,,,,,,,,,,
S180285,Ruth,1.2,N,51.61,10.01,10.63,F,Louis,,,,,,,,,,,,,
S180286,Ruth,0.94,N,46.26,9.82,11.14,F,Louis,,,,,,,,,,,,,
S180287,Ruth,0.94,N,44.61,8.69,9.74,F,Louis,,,,,,,,,,,,,
S180288,Ruth,2.73,N,62.05,13.79,14.21,M,Louis,,,,,,,,,,,,,
S180460,Watson,0.61,N,41.33,8.63,9.79,F,Louis,2.16,4.96,Grant,17,,,,,,,,,
S180459,Watson,0.76,N,43.07,9.39,9.32,F,Louis,,,,,,,,,,,,,
S180458,Watson,0.99,N,46.89,10.3,10.35,F,Louis,2.51,5.57,Grant,20,,,,,,,,,
S180457,Watson,0.35,N,36.83,7.52,8.15,F,Louis,1.76,4.2,Grant,19,,,,,,,,,
S180456,Watson,0.64,N,44.66,9.47,9.18,M,Louis,,,,,,,,,,,,,
S180455,Watson,0.78,Y,46.15,9.59,10.56,M,Louis,,,,,,,,,,,,,White spots on the left side
S180454,Watson,0.65,N,44.33,9.08,9.78,F,Louis,,,,,,,,,,,,,
S180453,Watson,0.77,N,43.5,9.98,10.59,F,Louis,,,,,,,,,,,,,
S180452,Watson,0.77,N,42.64,9.34,11.24,M,Louis,,,,,,,,,,,,,
S180451,Watson,0.85,N,46.19,9.92,10.63,F,Louis,2.8,5.47,Grant,20,,,,,,,,,
S180131,Arc,3.42,N,67.23,15.49,15.32,F,Bailey,,,,,,,,,,,,,
S180132,Arc,2.61,N,60.43,13.73,13.55,M,Bailey,,,,,,,,,,,,,
S180133,Arc,2.99,N,67.57,14.01,14.9,F,Bailey,,,,,,,,,,,,,
S180134,Arc,2.64,N,66.88,13.98,14.9,F,Bailey,,,,,,,,,,,,,
S180135,Arc,0.69,N,42.64,9.05,9.64,M,Bailey,,,,,,,,,,,,,
S180136,Arc,1.13,N,44.83,11.02,10.06,F,Bailey,,,,,,,,,,,,,
S180137,Arc,0.74,N,43.38,8.68,8.85,F,Bailey,,,,,,,,,,,,,
S180138,Arc,0.68,N,39.88,8.99,9.96,M,Bailey,,,,,,,,,,,,,
S180139,Arc,0.95,N,43.55,9.76,8.64,F,Bailey,,,,,,,,,,,,,
S180140,Arc,0.6,N,39.25,8.54,8.44,U,Bailey,,,,,,,,,,,,,
S180545,Spirit,0.64,N,42.13,8.4,10.74,M,Bailey,,,,,,,,,,,,,
S180546,Spirit,1.29,N,49.19,10.73,10.96,F,Bailey,,,,,,,,,,,,,
S180547,Spirit,0.47,N,38.56,7.06,9.4,U,Bailey,,,,,,,,,,,,,
S180548,Spirit,0.46,N,38.31,7.27,9.03,F,Bailey,,,,,,,,,,,,,
S180549,Spirit,0.89,N,45.76,9.29,9.44,F,Bailey,,,,,,,,,,,,,
S180550,Spirit,1.31,N,53.23,11.02,12.04,F,Bailey,,,,,,,,,,,,,
S180551,Spirit,0.71,N,41.21,8.47,10.97,M,Bailey,,,,,,,,,,,,,
S180552,Spirit,1.87,N,58.41,11.1,13.21,F,Bailey,,,,,,,,,,,,,
S180553,Spirit,1.28,N,50.41,9.81,12.64,M,Bailey,,,,,,,,,,,,,
S180554,Spirit,1.04,N,48.83,9.11,10.78,F,Bailey,,,,,,,,,,,,,
S180221,Echo,2.87,N,65.54,12.89,15.97,F,Bailey,,,,,,,,,,,,,
S180222,Echo,0.5,N,39.65,7.31,9.56,F,Bailey,,,,,,,,,,,,,
S180223,Echo,1.01,N,49.93,9.47,12.73,M,Bailey,,,,,,,,,,,,,
S180224,Echo,0.77,N,46.06,8.33,10.2,F,Bailey,,,,,,,,,,,,,
S180225,Echo,1.65,N,53.6,11.67,14.13,M,Bailey,,,,,,,,,,,,,
S180226,Echo,0.57,N,44.22,7.78,9.75,F,Bailey,,,,,,,,,,,,,
S180480,Engineer,1.19,N,49.04,10.22,11.66,M,,,,,,,,,,,,,,
S180479,Engineer,1.85,N,53.83,10.71,11.77,F,,,,,,,,,,,,,,
S180478,Engineer,1.05,N,50.43,10.18,10.13,F,,2.46,5.88,Grant,,,,,,,,,,
S180477,Engineer,1.32,N,49.02,10.02,11.07,F,,,,,,,,,,,,,,
S180476,Engineer,2.24,N,59.62,11.91,14.27,M,Louis,,,,,,,,,,,,,
S180475,Engineer,1.55,N,52.85,10.6,10.82,F,Louis,,,,,,,,,,,,,
S180474,Engineer,1.56,Y,51.99,11.24,11.71,F,Louis,,,,,,,,,,,,,
S180473,Engineer,1.8,N,55.65,11.44,10.56,F,Louis,,,,,,,,,,,,,
S180472,Engineer,1.12,N,47.09,9.5,10.32,F,Louis,,,,,,,,,,,,,Abundant yellow mucus in the abdomen
S180471,Engineer,1.39,N,49.25,10.44,12.23,M,Louis,,,,,,,,,,,,,
S180977,Long,0.68,N,43.87,8.8,9.31,M,Louis,,,,,,,,,,,,,
S180978,Long,0.62,N,43.66,8.42,9.42,M,Louis,,,,,,,,,,,,,
S180979,Long,0.63,N,43.55,7.61,10,M,Louis,,,,,,,,,,,,,
S180980,Long,0.43,N,38.92,7.39,8.95,F,Louis,,,,,,,,,,,,,
S180939,Long,0.77,N,47.08,8.74,10.17,M,Louis,,,,,,,,,,,,,
S180940,Long,0.59,N,41.62,8.15,9.17,M,Louis,,,,,,,,,,,,,
S180941,Long,0.71,N,44.01,8.25,10.09,M,Louis,,,,,,,,,,,,,
S180976,Long,0.68,N,47.68,8.63,11.36,M,Louis,,,,,,,,,,,,,
S180989,Long,1.22,Y,52.22,10.34,11.22,F,Louis,,,,,,,,,,,,,Black spots on the face and belly
S180990,Long,0.66,N,42.81,8.77,10.14,M,Louis,,,,,,,,,,,,,
S180991,Long,0.56,Y,42.49,8.04,9.33,U,Louis,,,,,,,,,,,,,Black spots on the belly
S180992,Long,0.71,N,43.03,8.6,9.61,M,Louis,,,,,,,,,,,,,
S180644,Wik,0.88,N,46.94,8.34,11.44,U,Louis,,,,,,,,,,,,,
S180643,Wik,0.78,N,44.45,7.7,10.94,F,Louis,,,,,,,,,,,,,
S180642,Wik,,N,61.08,12.74,15.19,F,Louis,,,,,,,,,,,,,
S180638,Wik,1.29,N,51.22,8.54,11.4,F,Louis,,,,,,,,,,,,,
S180637,Wik,0.81,N,46.79,7.51,11.44,U,Louis,,,,,,,,,,,,,
S180636,Wik,0.79,N,45.95,7.63,11.07,F,Louis,,,,,,,,,,,,,
S180635,Wik,0.71,N,43.36,8.82,10.24,M,Louis,,,,,,,,,,,,,
S180641,Wik,0.72,N,44.17,8.34,10.58,M,Louis,,,,,,,,,,,,,
S180640,Wik,1.1,N,52.51,8.58,11.44,F,Louis,,,,,,,,,,,,,
S180639,Wik,1.09,N,50.77,9.07,11.21,F,Louis,,,,,,,,,,,,,
S180220,Echo,0.67,N,47.52,9.39,11.17,F,Louis,2.27,5.28,Grant,21,,,,,,,,,Lot of Echo fish without pelvis spine
S180219,Echo,0.74,Y,44.94,8.33,10.7,F,Louis,,,,,,,,,,,,,Black spots  on the body and tumors inside the abdomen
S180218,Echo,0.59,N,44.79,9.1,9.35,F,Louis,2.04,5.13,Grant,20,,,,,,,,,
S180217,Echo,1.51,N,55.95,11.17,13.94,M,Louis,,,,,,,,,,,,,Tumors inside the abdomen
S180216,Echo,0.64,N,43.71,7.31,9.68,F,Louis,,,,,,,,,,,,,
S180215,Echo,0.81,N,45.66,8.85,9.87,F,Louis,,,,,,,,,,,,,
S180214,Echo,0.65,N,45.28,8.05,9.87,F,Louis,,,,,,,,,,,,,
S180213,Echo,0.53,N,41.51,7.5,9.47,F,Louis,,,,,,,,,,,,,Tumors inside the abdomen
S180212,Echo,0.58,N,42.53,7.59,10.49,F,Louis,,,,,,,,,,,,,Tumors inside the abdomen
S180211,Echo,0.8,Y,45.38,7.93,11.41,M,Louis,,,,,,,,,,,,,Black spots on the body and tumors inside the abdomen
S180227,Echo,0.71,N ,45.76,7.7,10.59,F,Louis,,,,,,,,,,,,,
S180228,Echo,0.75,N,45.07,8.09,10,F,Louis,,,,,,,,,,,,,
S180585,Spirit,0.46,N,36.82,7.15,8.38,M,Louis,,,,,,,,,,,,,
S180586,Spirit,0.49,N,38.45,7.2,8.78,F,Louis,,,,,,,,,,,,,
S180587,Spirit,0.35,N,35.34,5.95,7.98,F,Louis,,,,,,,,,,,,,
S180588,Spirit,2.18,N,58.48,11.08,12.89,F,Louis,,,,,,,,,,,,,
S180589,Spirit,0.95,Y,45.38,10.09,11.65,M,Louis,,,,,,,,,,,,,Black spot on left fin
S180590,Spirit,1.63,N,52.71,9.01,11.64,F,Louis,,,,,,,,,,,,,
S180591,Spirit,0.82,N,44.08,8.93,9.11,F,Louis,,,,,,,,,,,,,
S180592,Spirit,0.63,N,40.17,7.76,9.2,F,Louis,,,,,,,,,,,,,
S180593,Spirit,0.65,N,39.15,7.18,7.65,F,Louis,,,,,,,,,,,,,
S180594,Spirit,0.54,N,40.2,8.21,8.5,F,Louis,,,,,,,,,,,,,Black parasite on the operculum
S180926,Walby,0.43,Y,37.18,7.81,8.21,F,Louis,,,,,,,,,,,,,
S180928,Walby,0.67,N,41.01,8.83,10.18,M,Louis,,,,,,,,,,,,,
S180929,Walby,0.53,N,38.38,8.32,9.19,F,Louis,,,,,,,,,,,,,
S180930,Walby,0.65,N,40,9.04,9.53,M,Louis,,,,,,,,,,,,,
S180921,Walby,0.51,N,38.3,8.02,9.22,F,Louis,,,,,,,,,,,,,
S180922,Walby,1.11,N,47.68,10.98,10.73,F,Louis,,,,,,,,,,,,,
S180924,Walby,0.84,N,44.8,9.2,10.23,F,Louis,,,,,,,,,,,,,
S180925,Walby,0.62,N,40.29,9.29,8.81,U,Louis,,,,,,,,,,,,,
S180917,Walby,0.93,N,48.07,9.88,11.12,M,Louis,,,,,,,,,,,,,Little tumor inside the abdomen
S180918,Walby,0.7,N,42.12,8.56,9.27,F,Louis,,,,,,,,,,,,,
S180919,Walby,0.7,N,43.6,8.85,10.41,M,Louis,,,,,,,,,,,,,
S180920,Walby,1.04,Y,45.21,10.02,8.83,F,Louis,2.51,5.45,Grant,22,,,,,,,,,Black/brown spot on the left fin
S180709,Corcoran,0.49,N,35.35,7.94,7.78,F,Louis,,,,,,,,,,,,,
S180708,Corcoran,0.42,N,35.83,7.65,8.66,M,Louis,2.03,4.27,Grant,22,,,,,,,,,
S180707,Corcoran,0.56,Y,38.88,8.51,8.95,M,Louis,2.42,4.68,Grant,20,,,,,,,,,Black spot at the end of the tail
S180706,Corcoran,0.51,N,38.27,8.27,8.88,M,Louis,2.24,4.56,Grant,19,,,,,,,,,Little tumor inside
S180702,Corcoran,0.99,N,49.89,9.26,11.72,F,Louis,,,,,,,,,,,,,
S180703,Corcoran,0.77,N,44.56,9.49,10.23,M,Louis,,,,,,,,,,,,,
S180704,Corcoran,0.61,N,40.87,8.07,9.84,M,Louis,2.32,4.95,Grant,21,,,,,,,,,
S180705,Corcoran,0.72,N,45.54,8.75,9.99,F,Louis,,,,,,,,,,,,,
S180697,Corcoran,1.23,N,48.53,10.96,11.25,F,Louis,,,,,,,,,,,,,
S180698,Corcoran,1.62,Y,54.96,11.94,14.03,M,Louis,3.41,6.94,Grant,21,,,,,,,,,Little black spot on tail
S180699,Corcoran,1.69,Y,55.98,12.32,13.73,M,Louis,,,,,,,,,,,,,Brown spot on left fin
S180700,Corcoran,1.01,N,46.64,10.75,10.5,F,Louis,2.57,5.3,Grant,19,,,,,,,,,
S180701,Corcoran,0.56,N,36.52,8.73,8.63,M,Louis,,,,,,,,,,,,,
S180511,Jean,1.17,N,43.62,11.07,9.75,F,Louis,,,,,,,,,,,,,
S180512,Jean,1.08,N,44.35,10.9,11.02,M,Louis,,,,,,,,,,,,,
S180513,Jean,0.84,N,41.79,9.93,10.92,F,Louis,,,,,,,,,,,,,
S180514,Jean,0.97,N,44.9,10.99,10.85,F,Louis,,,,,,,,,,,,,
S180515,Jean,0.63,N,43.45,10.35,10.31,M,Louis,,,,,,,,,,,,,
S180516,Jean,0.92,N,45.84,11.19,10.95,F,Louis,,,,,,,,,,,,,
S180517,Jean,0.36,N,35.29,7.47,8.04,M,Louis,,,,,,,,,,,,,
S180518,Jean,0.7,N,42.64,9.88,9.91,M,Louis,,,,,,,,,,,,,
S180519,Jean,0.59,N,39.77,8.81,8.49,F,Louis,2.36,4.74,Grant,20,,,,,,,,,
S180520,Jean,1.62,N,51.37,12.52,12.85,F,Louis,,,,,,,,,,,,,
S180844,Finger,0.5,N,40.48,8.58,7.93,U,Louis,,,,,,,,,,,,,
S180845,Finger,0.69,N,42.17,9.36,9.13,M,Louis,,,,,,,,,,,,,
S180846,Finger,0.64,N,42.88,8.95,9.1,F,Louis,,,,,,,,,,,,,
S180847,Finger,0.42,N,36.68,8.28,8.37,M,Louis,1.99,4.2,Grant,21,,,,,,,,,
S180861,Finger,0.46,N,38.85,8.59,7.75,F,Louis,,,,,,,,,,,,,
S180862,Finger,0.36,N,35.52,7.91,7.8,U,Louis,,,,,,,,,,,,,
S180863,Finger,0.29,N,34.68,7.21,7.59,U,Louis,,,,,,,,,,,,,
S180864,Finger,0.43,N,37.12,7.62,7.14,F,Louis,,,,,,,,,,,,,
S180857,Finger,1.27,Y,48.14,11.49,10.48,F,Louis,3.07,5.89,Grant,18,,,,,,,,,Brown spot under left fin
S180858,Finger,0.38,N,36.64,7.98,7.78,U,Louis,,,,,,,,,,,,,
S180859,Finger,0.4,N,37.51,7.66,7.65,F,Louis,,,,,,,,,,,,,
S180860,Finger,0.47,N,37.57,8.51,8.35,F,Louis,,,,,,,,,,,,,
S180160,Arc,0.87,N,45.38,10.54,8.5,F,Louis,,,,,,,,,,,,,
S180159,Arc,2.66,N,63.56,15.68,12.53,F,Louis,,,,,,,,,,,,,
S180158,Arc,2.9,N,63.94,16.56,14.23,M,Louis,,,,,,,,,,,,,
S180157,Arc,1.07,N,47.34,10.75,10.12,F,Louis,,,,,,,,,,,,,
S180156,Arc,2.19,N,56.2,14.32,11.07,F,Louis,,,,,,,,,,,,,
S180155,Arc,0.63,N,42.9,8.56,8.25,F,Louis,,,,,,,,,,,,,
S180154,Arc,0.81,N,42.91,11.02,9.48,M,Louis,,,,,,,,,,,,,
S180153,Arc,0.74,N,43.81,9.56,7.07,F,Louis,,,,,,,,,,,,,
S180152,Arc,0.88,N,42.93,10.08,8.73,F,Louis,,,,,,,,,,,,,"Seems like a nematode emerged from an egg inside the abdomen, the egg look like a tumor"
S180151,Arc,0.51,N,37.55,9.02,6.56,F,Louis,,,,,,,,,,,,,
S180685,Corcoran,0.92,N,47.82,9.86,10.82,M,Louis,3.08,5.36,Grant,20,,,,,,,,,
S180686,Corcoran,1.02,N,48.65,10.47,11.71,M,Louis,,,,,,,,,,,,,
S180687,Corcoran,0.39,N,34.02,7.62,7.72,F,Louis,,,,,,,,,,,,,
S180688,Corcoran,0.96,N,47.01,11.05,10.8,F,Louis,2.72,5.45,Grant,20,,,,,,,,,
S180681,Corcoran,1.15,N,51.2,11.4,12.59,M,Louis,,,,,,,,,,,,,
S180682,Corcoran,0.88,Y,45.7,9.54,11.23,M,Louis,,,,,,,,,,,,,Brown spot left side of the tail
S180683,Corcoran,0.62,N,37.37,9.53,8.85,F,Louis,,,,,,,,,,,,,
S180684,Corcoran,0.51,N,37.21,8.25,9.37,M,Louis,,,,,,,,,,,,,
S180677,Corcoran,1.07,N,47.65,11.36,10.6,F,Louis,,,,,,,,,,,,,
S180678,Corcoran,0.7,N,40.82,9.59,9.94,M,Louis,,,,,,,,,,,,,
S180679,Corcoran,1.26,N,51.12,11.51,10.88,F,Louis,,,,,,,,,,,,,
S180680,Corcoran,0.9,N,42.37,10.05,9.23,F,Louis,,,,,,,,,,,,,
S180541,Tern,2.17,N,53.14,13.55,10.56,F,Louis,,,,,,,,,,,,,
S180542,Tern,3.21,N,62.8,13.75,12.94,F,Louis,,,,,,,,,,,,,
S180543,Tern,0.35,N,35.14,7.51,6.95,F,Louis,,,,,,,,,,,,,
S180544,Tern,0.34,N,30.8,7.37,6.49,U,Louis,,,,,,,,,,,,,
S180334,Tern,0.38,Y,33.29,8.4,7.35,U,Louis,,,,,,,,,,,,,White parasite under skin
S180338,Tern,1.12,N,49.36,10.88,10.39,M,Louis,,,,,,,,,,,,,
S180337,Tern,1.26,N,49.5,11.64,11.42,M,Louis,,,,,,,,,,,,,
S180470,Engineer,1.84,N,56.75,12.09,13.68,M,Louis,,,,,,,,,,,,,Yellow mucus around the digestive tract
S180469,Engineer,0.94,N,46.63,8.93,10,F,Louis,,,,,,,,,,,,,
S180468,Engineer,1.41,N,52.29,10.87,11.38,F,Louis,,,,,,,,,,,,,Decolored spot on the right side
S180467,Engineer,1.05,N,47.82,10.03,10.36,F,Louis,,,,,,,,,,,,,
S180466,Engineer,1.91,N,57.39,11.2,12.07,F,Louis,,,,,,,,,,,,,
S180465,Engineer,1.89,N,52.98,10.09,10.55,F,Louis,,,,,,,,,,,,,
S180464,Engineer,1.97,N,54.97,11.46,12.22,F,Louis,,,,,,,,,,,,,
S180463,Engineer,1.59,N,55.33,11.4,12.37,F,Louis,,,,,,,,,,,,,
S180462,Engineer,1.8,Y,55.44,11.73,11.68,F,Louis,,,,,,,,,,,,,White tumor under skin left side
S180461,Engineer,1.91,N,54.17,11.82,11.27,F,Louis,,,,,,,,,,,,,
S180304,Ruth,1.47,N,53.69,11.49,12.34,F,Louis,,,,,,,,,,,,,
S180305,Ruth,1.44,N,52.39,12.12,13.1,M,Louis,,,,,,,,,,,,,
S180306,Ruth,2.16,N,59.56,13.04,14.15,F,Louis,,,,,,,,,,,,,
S180307,Ruth,1.64,N,56.97,11.27,12.18,F,Louis,,,,,,,,,,,,,
S180308,Ruth,0.73,N,43.15,8.64,9.15,F,Louis,,,,,,,,,,,,,
S180299,Ruth,0.97,N,46.65,10.67,10.75,F,Louis,,,,,,,,,,,,,
S180300,Ruth,0.58,Y,40.21,8.43,9.38,F,Louis,,,,,,,,,,,,,White parasite on the left side
S180301,Ruth,1.04,N,48.4,10.99,10.94,F,Louis,,,,,,,,,,,,,
S180302,Ruth,0.55,N,40.55,8.14,8.82,F,Louis,,,,,,,,,,,,,
S180303,Ruth,1.49,N,52.66,11.69,12.53,F,Louis,,,,,,,,,,,,,
S180521,Tern,0.3,N,31.35,6.69,6.83,M,Bailey,,,,,,,,,,,,,
S180522,Tern,0.42,N,34.57,7.37,8.19,M,Bailey,,,,,,,,,,,,,
S180523,Tern,0.49,N,36.92,7.44,8.18,U,Bailey,2.03,4.3,Grant,18,,,,,,,,,
S180524,Tern,0.28,N,29.52,5.88,6.18,U,Bailey,1.61,3.65,Grant,19,,,,,,,,,
S180525,Tern,0.34,N,31.96,6.67,7.17,F,Bailey,1.64,4.03,Grant,17,,,,,,,,,
S180526,Tern,0.33,N,32.11,6.8,7.03,M,Bailey,1.62,3.96,Grant,20,,,,,,,,,
S180527,Tern,0.48,N,36.41,7.59,8.09,M,Bailey,1.9,4.24,Grant,18,,,,,,,,,
S180528,Tern,2.18,N,55.8,13.23,11.57,F,Bailey,3.22,6.32,Grant,17,,,,,,,,,
S180529,Tern,1.44,N,47.58,11.38,12.01,M,Bailey,3.36,6.09,Grant,17,,,,,,,,,
S180530,Tern,2.91,N,59.5,13.88,13.15,F,Bailey,3.53,6.77,Grant,19,,,,,,,,,
S180041,G,1.34,N,54.91,10.65,12.86,M,Louis,,,,,,,,,,,,,
S180042,G,0.7,N,44.76,8.7,9.99,F,Louis,,,,,,,,,,,,,
S180043,G,0.8,N,48.45,9.35,9.75,F,Louis,,,,,,,,,,,,,
S180044,G,1.5,N,50.48,11.84,12.07,U,Louis,,,,,,,,,,,,,
S180045,G,1.34,N,48.45,10.44,10.83,F,Louis,,,,,,,,,,,,,
S180046,G,0.87,N,47.56,9.26,10.72,F,Louis,,,,,,,,,,,,,
S180047,G,0.97,N,48.49,8.75,10.22,F,Louis,,,,,,,,,,,,,
S180048,G,1.07,N,49.59,9.84,11.64,M,Louis,,,,,,,,,,,,,
S180049,G,1.56,N,57.35,10.62,14.56,M,Louis,,,,,,,,,,,,,
S180050,G,0.84,N,46.3,8.96,10.48,F,Louis,,,,,,,,,,,,,
S180150,Arc,1.32,N,46.91,11.65,8.42,F,Louis,,,,,,,,,,,,,
S180149,Arc,2.91,N,56.73,15.41,11.16,F,Louis,,,,,,,,,,,,,
S180148,Arc,2.01,N,57.93,13.74,12.61,M,Louis,,,,,,,,,,,,,
S180147,Arc,1.89,Y,55.29,13.9,12.08,M,Louis,,,,,,,,,,,,,Brown spot left fin
S180146,Arc,0.81,N,43.41,10.47,8.92,U,Louis,,,,,,,,,,,,,
S180145,Arc,1.57,N,50.31,11.96,9.75,F,Louis,,,,,,,,,,,,,
S180144,Arc,0.64,N,38.4,9.07,8.44,U,Louis,,,,,,,,,,,,,
S180143,Arc,1.08,N,45.53,10.45,8.72,F,Louis,,,,,,,,,,,,,
S180142,Arc,0.96,N,46.62,10.76,7.8,F,Louis,,,,,,,,,,,,,
S180141,Arc,0.84,N,42.67,10.58,9.26,U,Louis,,,,,,,,,,,,,
S180229,Ruth,0.45,N,36.97,7.65,8.98,U,Louis,,,,,,,,,,,,,
S180230,Ruth,0.9,N,48.64,8.57,10.81,F,Louis,,,,,,,,,,,,,
S180231,Ruth,1.06,N,46.94,10.03,10.71,M,Louis,,,,,,,,,,,,,
S180232,Ruth,0.78,N,44.36,8.97,10.42,F,Louis,,,,,,,,,,,,,
S180233,Ruth,2.29,N,60.82,12.81,15.1,M,Louis,,,,,,,,,,,,,
S180234,Ruth,0.94,N,48.96,9.18,12.23,M,Louis,,,,,,,,,,,,,
S180235,Ruth,0.72,Y,44.42,9.01,9.68,F,Louis,,,,,,,,,,,,,White spot on left side
S180236,Ruth,1.41,N,51.54,10.98,12.53,M,Louis,,,,,,,,,,,,,
S180237,Ruth,2.64,N,61.17,14.27,14.03,F,Louis,3.39,7.4,Grant,21,,,,,,,,,
S180238,Ruth,2.23,N,57.43,13.06,14.6,M,Louis,3.71,6.8,Grant,20,,,,,,,,,
S180441,Watson,0.32,N,33.33,7.34,7.13,U,Louis,1.84,4.07,Grant,17,,,,,,,,,
S180442,Watson,0.47,N,38.28,8.21,8.3,F,Louis,2.08,4.66,Grant,20,,,,,,,,,
S180443,Watson,0.67,N,43.71,8.91,9.95,M,Louis,2.12,5.09,Grant,,,,,,,,,,
S180444,Watson,0.79,N,45.44,10.38,9.42,F,Louis,2.56,5.37,Grant,20,,,,,,,,,
S180445,Watson,0.5,N,37.69,8.66,8.54,F,Louis,2.05,4.62,Grant,19,,,,,,,,,
S180446,Watson,0.28,N,33.29,7.15,7.06,U,Louis,1.33,3.91,Grant,17,,,,,,,,,
S180447,Watson,0.44,N,35.27,8.34,8,M,Louis,1.9,4.44,Grant,19,,,,,,,,,
S180448,Watson,0.65,N,41.21,9.3,10.24,F,Louis,2.87,4.99,Grant,,,,,,,,,,"Mouth open, could affect some measurements"
S180449,Watson,0.33,N,34.35,7.49,7.64,U,Louis,1.89,4.22,Grant,19,,,,,,,,,
S180450,Watson,0.62,N,40.45,9.01,9.54,M,Louis,2.42,4.91,Grant,18,,,,,,,,,
S180596,Wik,3.32,N,71.7,14.06,15.53,F,Louis,4.63,8.25,Grant,20,,,,,,,,,
S180597,Wik,1.01,N,48.79,9.12,12.12,M,Louis,,,,,,,,,,,,,
S180595,Wik,1.27,N,53.16,10.53,12.67,F,Louis,3.63,6.4,Grant,23,,,,,,,,,
S180598,Wik,0.7,N,43.66,7.88,9.7,F,Louis,2.28,5.18,Grant,20,,,,,,,,,
S180599,Wik,1.34,N,53.11,9.76,11.23,F,Louis,2.65,6.05,Grant,23,,,,,,,,,
S180600,Wik,0.71,N,44.71,8.29,10.78,U,Louis,2.22,5.15,Grant,20,,,,,,,,,
S180601,Wik,0.56,N,41.46,7.48,10.34,U,Louis,,,,,,,,,,,,,
S180602,Wik,0.47,N,41.63,7.45,10.13,M,Louis,,,,,,,,,,,,,
S180161,Arc,0.43,N,33.39,7.69,7.14,U,Bailey,,,,,,,,,,,,,
S180162,Arc,2.67,N,59.63,14,12.21,F,Bailey,,,,,,,,,,,,,
S180163,Arc,2.78,N,60.88,14.33,12.76,F,Bailey,,,,,,,,,,,,,
S180164,Arc,0.95,N,42.47,9.83,8.85,F,Bailey,,,,,,,,,,,,,
S180165,Arc,0.98,N,46.72,10.07,8.67,F,Bailey,,,,,,,,,,,,,
S180166,Arc,1.56,N,50.87,12.03,10.78,M,Bailey,,,,,,,,,,,,,
S180167,Arc,2.62,N,61.06,13.64,14.19,M,Bailey,,,,,,,,,,,,,
S180168,Arc,0.75,N,45.17,8.99,8.79,F,Bailey,,,,,,,,,,,,,
S180169,Arc,2.31,N,56.81,13.14,13.12,M,Bailey,,,,,,,,,,,,,
S180170,Arc,2.17,N,58.21,13.98,12.84,M,Bailey,,,,,,,,,,,,,
S180555,Spirit,0.66,N,41.4,7.92,8.88,F,Louis,2.2,4.14,Grant,20,,,,,,,,,
S180556,Spirit,0.46,N,40.01,7.51,8.92,M,Louis,1.79,4.27,Grant,22,,,,,,,,,
S180557,Spirit,0.42,N,36.85,7.4,8.5,M,Louis,1.47,4.26,Grant,20,,,,,,,,,
S180558,Spirit,0.49,Y,37.86,7.07,8.38,M,Louis,2.13,4.23,Grant,18,,,,,,,,,Black spot on tail
S180559,Spirit,0.43,N,38.84,7.36,8.48,M,Louis,1.69,4.2,Grant,21,,,,,,,,,
S180560,Spirit,1.29,N,50.12,10.81,10.39,F,Louis,2.86,5.78,Grant,20,,,,,,,,,
S180561,Spirit,0.53,N,38.79,7.4,7.64,F,Louis,1.72,4.17,Grant,19,,,,,,,,,
S180562,Spirit,0.76,N,44.96,8.43,9.16,F,Louis,2.34,4.8,Grant,21,,,,,,,,,
S180563,Spirit,0.99,N,45.05,9.07,9.46,F,Louis,2.15,4.9,Grant,19,,,,,,,,,
S180564,Spirit,0.48,N,38.4,7.32,8.7,M,Louis,1.97,4.43,Grant,18, ,,,,,,,,
S180289,Ruth,0.6,N,41.11,7.59,9.12,M,Bailey,,,,,,,,,,,,,
S180290,Ruth,1.04,N,46.56,9.79,10.36,F,Bailey,,,,,,,,,,,,,
S180291,Ruth,0.87,N,44.56,9.49,9.87,F,Bailey,,,,,,,,,,,,,
S180292,Ruth,1.47,N,50.6,11.3,12.88,M,Bailey,,,,,,,,,,,,,
S180293,Ruth,1.28,N,50.7,10.44,10.25,F,Bailey,,,,,,,,,,,,,
S180294,Ruth,2.47,N,60.57,13.33,13.6,F,Bailey,,,,,,,,,,,,,
S180295,Ruth,2.01,N,57.08,12.9,13.05,F,Bailey,,,,,,,,,,,,,
S180296,Ruth,1.95,N,58.99,11.78,14.79,M,Bailey,,,,,,,,,,,,,
S180297,Ruth,0.48,N,38.27,7.66,7.87,M,Bailey,,,,,,,,,,,,,
S180298,Ruth,0.81,N,43.53,9.18,10.42,F,Bailey,,,,,,,,,,,,,
S180988,Long,0.83,N,48.01,9.06,10.81,M,Louis,2.11,4.9,Grant,22,,,,,,,,,
S180987,Long,0.88,N,49.52,9.07,10.64,M,Louis,2.36,4.86,Grant,21,,,,,,,,,
S180986,Long,1.09,Y,53.74,10.15,13.29,M,Louis,2.5,6.16,Grant,23,,,,,,,,,Black spot left side
S180985,Long,0.6,N,43.15,8.21,9.45,M,Louis,1.94,4.43,Grant,19,,,,,,,,,
S180981,Long,1.69,N,58.4,11.69,13.5,M,Louis,3.34,6.38,Grant,21,,,,,,,,,
S180982,Long,0.81,Y,46.46,8.72,10.23,M,Louis,2.23,4.94,Grant,22,,,,,,,,,Black spot left side
S180983,Long,1.17,N,54.57,10.27,12.76,M,Louis,2.73,5.57,Grant,24,,,,,,,,,
S180984,Long,0.58,N,44.22,8.33,10.21,M,Louis,2.14,4.63,Grant,22,,,,,,,,,
S180750,Walby,0.93,N,48.67,9.86,10.99,F,Louis,,,,,,,,,,,,,
S180751,Walby,0.42,N,37.2,7.55,8.21,F,Louis,1.94,4.43,Grant,22,,,,,,,,,
S180752,Walby,0.51,N,38.21,8.03,9.35,M,Louis,2.18,4.39,Grant,21,,,,,,,,,
S180753,Walby,0.81,Y,45.2,9.48,10.99,M,Louis,,,,,,,,,,,,,Brown spot left fin
S180754,Walby,0.29,N,33.71,6.95,7.59,M,Louis,1.6,3.7,Grant,22,,,,,,,,,
S180755,Walby,0.32,N,34.67,7.4,7.45,U,Louis,,,,,,,,,,,,,
S180756,Walby,0.53,N,39.27,8.51,9,F,Louis,,,,,,,,,,,,,
S180757,Walby,0.73,Y,40.54,8.42,9.02,F,Louis,,,,,,,,,,,,,Brown spot right side
S180758,Walby,0.69,Y,42.25,9.14,9.62,M,Louis,,,,,,,,,,,,,White spot right side
S180759,Walby,0.59,Y,40.31,8.72,11.03,F,Louis,,,,,,,,,,,,,Brown spot left fin
S180760,Walby,0.66,N,43.66,9.3,10.24,F,Louis,,,,,,,,,,,,,
S180761,Walby,0.79,N,43.65,9.52,9.56,F,Louis,,,,,,,,,,,,,
S180391,Jean,0.68,N,42.38,9.7,10.21,F,Louis,2.49,5.66,Grant,22,,,,,,,,,
S180392,Jean,1.63,N,50.51,11.87,11.25,F,Louis,2.76,6.33,Grant,17,,,,,,,,,
S180393,Jean,2,N,52.79,13.38,13.79,M,Louis,,,,,,,,,,,,,
S180394,Jean,0.52,N,42.78,9.51,10.42,M,Louis,2.34,5.24,Grant,20,,,,,,,,,
S180395,Jean,0.78,N,43.17,10.12,10.19,F,Louis,2.47,5.52,Grant,20,,,,,,,,,
S180396,Jean,1.18,N,47.31,11.87,12.54,M,Louis,2.27,5.27,Grant,20,,,,,,,,,
S180397,Jean,0.79,N,44.38,10.31,9.97,F,Louis,2.78,5.55,Grant,21,,,,,,,,,
S180398,Jean,1.17,N,49.36,11.5,10.85,F,Louis,3.31,6,Grant,21,,,,,,,,,
S180399,Jean,0.47,N,37.26,8.76,8.88,M,Louis,1.99,4.81,Grant,20,,,,,,,,,
S180400,Jean,0.97,Y,45.56,10.67,10.06,F,Louis,2.87,5.53,Grant,18,,,,,,,,,little black spot  left side
S180665,South_Rolly,0.9,N,52.02,9.9,11.34,F,Louis,2.13,5.48,Grant,19,,,,,,,,,
S180666,South_Rolly,0.51,N,43.01,7.92,9.22,F,Louis,1.98,4.61,Grant,22,,,,,,,,,
S180667,South_Rolly,0.54,N,44.65,7.35,10.59,M,Louis,2.28,4.71,Grant,21,,,,,,,,,
S180661,South_Rolly,1.07,N,53.82,10.44,12.69,M,Louis,3.03,5.18,Grant,21,,,,,,,,,
S180662,South_Rolly,0.9,N,50.44,9.24,11.77,F,Louis,,,,,,,,,,,,,
S180663,South_Rolly,0.91,N,47.61,9.81,11.35,M,Louis,2.78,5.09,Grant,21,,,,,,,,,
S180664,South_Rolly,0.43,N,40.45,7.14,9.37,M,Louis,1.85,4.23,Grant,22,,,,,,,,,
S180657,South_Rolly,0.52,N,41.24,8.05,10.48,M,Louis,1.97,4.63,Grant,19,,,,,,,,,
S180658,South_Rolly,0.84,N,49.14,9.62,11.74,M,Louis,2.2,5.09,Grant,21,,,,,,,,,
S180659,South_Rolly,0.63,N,45.38,8.43,10.79,M,Louis,,,,,,,,,,,,,
S180660,South_Rolly,0.61,N,44.47,8.34,10.4,M,Louis,,,,,,,,,,,,,
S180766,Walby,1.01,N,45.74,10.04,11.19,F,Grant,,,,,,,,,,,,,
S180767,Walby,0.59,Y,39.94,8.31,8.61,F,Grant,,,,,,,,,,,,,mussel
S180768,Walby,0.67,N,39.35,8.31,9.55,F,Grant,,,,,,,,,,,,,
S180769,Walby,0.52,N,40.05,8.18,9.02,F,Grant,,,,,,,,,,,,,
S180762,Walby,0.35,N,35.28,7.14,8.36,M,Grant,,,,,,,,,,,,,
S180763,Walby,0.75,N,44.02,9.22,10.43,F,Grant,,,,,,,,,,,,,
S180764,Walby,0.81,N,44.01,9.15,10.54,M,Grant,,,,,,,,,,,,,
S180765,Walby,1.11,N,48.48,10.3,11.34,M,Grant,,,,,,,,,,,,,
S180913,Walby,0.68,N,40.1,8.45,9.57,F,Grant,,,,,,,,,,,,,
S180914,Walby,0.53,N,40.64,8.06,8.84,F,Grant,,,,,,,,,,,,,
S180915,Walby,0.59,N,39.22,8.45,8.64,F,Grant,,,,,,,,,,,,,
S180916,Walby,0.43,N,35.62,7.67,8.16,F,Grant,,,,,,,,,,,,,
S180778,Finger,0.89,Y,45.3,10.26,10.17,M,Louis,,,,,,,,,,,,,Brown spot on right side of the tail
S180779,Finger,0.9,N,45.76,10.16,10.12,M,Louis,,,,,,,,,,,,,
S180780,Finger,1.02,N,50.31,10.52,11.4,F,Louis,2.66,5.47,Grant,23,,,,,,,,,
S180781,Finger,1.14,N,50.48,11.02,10.99,F,Louis,2.81,5.58,Grant,21,,,,,,,,,
S180782,Finger,0.56,N,40.81,9.27,8.27,M,Louis,,,,,,,,,,,,,
S180783,Finger,0.65,N,44.23,9.22,9.19,F,Louis,,,,,,,,,,,,,
S180784,Finger,0.96,N,45.26,10.49,10.7,M,Louis,,,,,,,,,,,,,
S180785,Finger,0.39,N,35.77,7.42,8.17,U,Louis,1.75,3.98,Grant,20,,,,,,,,,
S180786,Finger,0.5,N,40.04,8.58,7.97,F,Louis,,,,,,,,,,,,,
S180787,Finger,0.9,N,47.4,9.84,10.66,M,Louis,,,,,,,,,,,,,Weird white scar
S180788,Finger,0.59,N,41.06,8.69,9.19,U,Louis,,,,,,,,,,,,,
S180789,Finger,0.47,N,37.81,7.97,7.92,M,Louis,,,,,,,,,,,,,
S180672,Corcoran,0.46,N,37.47,7.83,8.38,F,Louis,,,,,,,,,,,,,
S180673,Corcoran,0.43,N,36.2,8.14,8.79,M,Louis,,,,,,,,,,,,,
S180674,Corcoran,0.29,N,31.59,6.86,7.89,U,Louis,,,,,,,,,,,,,
S180675,Corcoran,0.44,N,34.88,8.18,8.73,M,Louis,,,,,,,,,,,,,
S180668,Corcoran,0.98,N,46.17,10.56,10.48,F,Louis,,,,,,,,,,,,,
S180669,Corcoran,1.02,N,46.95,10.36,11.41,M,Louis,,,,,,,,,,,,,
S180670,Corcoran,0.69,N,44.8,8.94,9.98,F,Louis,,,,,,,,,,,,,
S180671,Corcoran,0.44,N,36.93,7.74,8.45,U,Louis,,,,,,,,,,,,,
S180491,Jean,1.56,N,52.89,12.21,12.55,F,Bailey,3.67,6.73,Grant,20,,,,,,,,,
S180492,Jean,1.06,N,44.25,10.6,11.62,M,Bailey,,,,,,,,,,,,,
S180493,Jean,1.97,N,54.14,13,13.32,F,Bailey,,,,,,,,,,,,,
S180494,Jean,1.38,N,49.79,11.41,11.71,F,Bailey,4.02,6.08,Grant,18,,,,,,,,,
S180495,Jean,0.52,N,39.6,8.36,10.44,M,Bailey,,,,,,,,,,,,,
S180496,Jean,1.41,N,48.01,11.45,11.06,F,Bailey,,,,,,,,,,,,,
S180497,Jean,1.09,N,48.86,10.46,12.29,M,Bailey,,,,,,,,,,,,,
S180498,Jean,1.27,N,48.02,11.23,12.25,M,Bailey,,,,,,,,,,,,,
S180499,Jean,0.98,N,44.52,10.32,11.14,M,Bailey,,,,,,,,,,,,,
S180500,Jean,0.93,N,45.96,9.66,11.54,F,Bailey,,,,,,,,,,,,,
S180431,Watson,0.91,N,46.69,10.5,10.17,M,Bailey,,,,,,,,,,,,,
S180432,Watson,0.83,N,45.23,9.51,10.36,F,Bailey,,,,,,,,,,,,,
S180433,Watson,0.84,N,43.23,10.15,10.06,M,Bailey,,,,,,,,,,,,,
S180434,Watson,0.97,N,50.99,10.16,11.34,F,Bailey,,,,,,,,,,,,,
S180435,Watson,0.87,N,47.16,9.62,11.97,M,Bailey,,,,,,,,,,,,,
S180436,Watson,1.01,N,44.97,10.62,11.46,M,Bailey,,,,,,,,,,,,,
S180437,Watson,0.58,N,41.35,8.84,8.82,F,Bailey,,,,,,,,,,,,,
S180438,Watson,0.58,N,38.53,8.87,9.31,M,Bailey,,,,,,,,,,,,,
S180439,Watson,0.57,N,42,8.49,9.75,M,Bailey,,,,,,,,,,,,,
S180440,Watson,0.45,N,37.15,7.49,8.05,M,Bailey,,,,,,,,,,,,,
S180351,Jean,0.66,N,41.15,9.36,9.92,U,Grant,,,,,,,,,,,,,
S180360,Jean,1,N,43.66,10.55,10.07,F,Grant,,,,,,,,,,,,,
S180359,Jean,0.54,N,36.93,8.58,9.06,M,Grant,,,,,,,,,,,,,
S180358,Jean,0.75,N,41.83,9.36,9.57,M,Grant,,,,,,,,,,,,,
S180357,Jean,1.01,N,44.77,10.66,10.85,F,Grant,,,,,,,,,,,,,
S180356,Jean,1.47,N,46.13,10.99,11.64,F,Grant,,,,,,,,,,,,,
S180355,Jean,0.84,N,41.93,9.87,10.25,M,Grant,,,,,,,,,,,,,
S180354,Jean,0.74,N,41.92,9.56,9.55,F,Grant,,,,,,,,,,,,,
S180353,Jean,0.94,N,44.95,10.21,10.18,M,Grant,,,,,,,,,,,,,
S180352,Jean,1.76,N,48.61,12.22,13,M,Grant,,,,,,,,,,,,,
S180190,Arc,0.64,N,40.25,9.23,8.76,M,Louis,,,,,,,,,,,,,
S180189,Arc,0.83,N,44.17,10.08,8.55,F,Louis,,,,,,,,,,,,,
S180188,Arc,0.69,N,43.98,9.94,8.9,F,Louis,,,,,,,,,,,,,
S180187,Arc,0.59,N,39.74,9.34,8.71,F,Louis,,,,,,,,,,,,,
S180186,Arc,0.69,N,43.52,9.63,8.64,F,Louis,,,,,,,,,,,,,
S180185,Arc,0.79,N,44.44,10.77,8.84,F,Louis,,,,,,,,,,,,,
S180184,Arc,0.61,N,39.66,9.26,8.39,U,Louis,,,,,,,,,,,,,Yellow mucus in the abdomen
S180183,Arc,1.57,N,52.09,12.49,10.9,M,Louis,,,,,,,,,,,,,
S180182,Arc,2.37,N,61.6,16.17,11.21,F,Louis,,,,,,,,,,,,,
S180181,Arc,0.6,N,40.04,9.22,7.47,F,Louis,,,,,,,,,,,,,
S180361,Engineer,1.48,N,51.56,11.57,11.88,F,Louis,,,,,,,,,,,,,
S180362,Engineer,4.07,N,67.97,15.37,16.57,M,Louis,,,,,,,,,,,,,Brown/yellow mucus in the abdomen
S180363,Engineer,1.31,N,52.54,10.11,11.01,F,Louis,,,,,,,,,,,,,
S180364,Engineer,1.8,N,49.65,11.39,11.06,F,Louis,,,,,,,,,,,,,
S180365,Engineer,2.43,N,60.05,13.18,15.25,M,Louis,,,,,,,,,,,,,Yellow mucus in the abdomen
S180366,Engineer,1.81,N,51.82,12.38,9.71,F,Louis,,,,,,,,,,,,,
S180367,Engineer,2.06,N,54.94,12.27,11.77,F,Louis,,,,,,,,,,,,,
S180368,Engineer,1.56,N,49.51,11.1,11.91,F,Louis,,,,,,,,,,,,,
S180369,Engineer,1.99,N,59.21,12.76,12.1,F,Louis,,,,,,,,,,,,,
S180370,Engineer,1.71,N,51.78,12.76,10.25,F,Louis,,,,,,,,,,,,,
S180031,G,1.22,N,49.28,10.82,11.76,F,Louis,,,,,,,,,,,,,
S180032,G,0.63,Y,42.31,8.59,10.27,F,Louis,,,,,,,,,,,,,Mussel
S180033,G,0.83,N,47,9.32,9.84,F,Louis,,,,,,,,,,,,,
S180034,G,0.64,N,41.17,7.67,8.25,F,Louis,,,,,,,,,,,,,
S180035,G,1.04,N,46.53,9.79,10.4,M,Louis,,,,,,,,,,,,,
S180036,G,1.2,N,48.44,10.47,11.44,M,Louis,,,,,,,,,,,,,
S180037,G,1.2,N,50.92,10.1,13.11,M,Louis,,,,,,,,,,,,,
S180038,G,1.24,N,55.28,10.2,12.58,M,Louis,,,,,,,,,,,,,
S180039,G,0.94,N,49.55,9.73,11.56,F,Louis,,,,,,,,,,,,,
S180040,G,0.92,N,44.73,8.14,9.85,F,Louis,,,,,,,,,,,,,
S180269,Ruth,0.43,N,34.15,7.94,8.05,M,Louis,,,,,,,,,,,,,
S180270,Ruth,1.26,N,50.83,11.16,12.78,M,Louis,,,,,,,,,,,,,
S180271,Ruth,0.73,N,41.98,9.18,9.56,F,Louis,,,,,,,,,,,,,
S180272,Ruth,0.67,N,41.95,8.58,10.02,M,Louis,,,,,,,,,,,,,
S180273,Ruth,2.1,N,61.8,13.21,13.73,F,Louis,,,,,,,,,,,,,
S180274,Ruth,0.68,N,40.49,8.92,9.69,F,Louis,,,,,,,,,,,,,
S180275,Ruth,1.85,N,56.72,13.28,12.85,F,Louis,,,,,,,,,,,,,
S180276,Ruth,0.97,N,44.62,10.26,9.37,F,Louis,,,,,,,,,,,,,
S180277,Ruth,0.55,N,39.24,8.06,9,M,Louis,,,,,,,,,,,,,
S180278,Ruth,0.88,N,45.34,9.5,10.42,F,Louis,,,,,,,,,,,,,
S180610,Wik,0.66,N,47.79,6.43,9.92,F,Louis,,,,,,,,,,,,,
S180609,Wik,0.64,N,45.04,7.52,11.14,M,Louis,,,,,,,,,,,,,Tumor
S180608,Wik,0.79,N,46.99,7.56,11.18,F,Louis,,,,,,,,,,,,,
S180607,Wik,0.85,N,48.1,8.76,11.2,M,Louis,,,,,,,,,,,,,
S180606,Wik,0.61,N,44.44,6.86,11.07,M,Louis,,,,,,,,,,,,,Tumor near gonade
S180605,Wik,0.76,N,47.34,8.48,10.45,U,Louis,,,,,,,,,,,,,
S180604,Wik,0.71,N,43.92,8.53,10.36,F,Louis,,,,,,,,,,,,,
S180603,Wik,2.48,Y,58.84,13.34,14.05,F,Louis,,,,,,,,,,,,,Black spot left fin
S180836,Finger,1.58,N,54.79,11.79,11.59,F,Grant,,,,,,,,,,,,,
S180837,Finger,0.58,N,41.35,8.11,8.52,F,Grant,,,,,,,,,,,,,"fibrosis, but no worms"
S180838,Finger,0.56,N,41.58,8.77,8.86,M,Grant,,,,,,,,,,,,,
S180839,Finger,1.31,N,52.07,10.91,10.71,F,Grant,,,,,,,,,,,,,
S180840,Finger,0.93,N,48.19,10.22,10.52,F,Grant,,,,,,,,,,,,,
S180841,Finger,0.8,N,44.31,9.64,9.46,F,Grant,,,,,,,,,,,,,
S180842,Finger,0.72,N,41.78,9.46,9.13,M,Grant,,,,,,,,,,,,,
S180843,Finger,0.76,N,44.62,9.77,10.01,F,Grant,,,,,,,,,,,,,
S180848,Finger,1.04,N,45.77,10.8,10.31,F,Grant,,,,,,,,,,,,,
S180850,Finger,1.2,N,49.05,10.8,10.77,F,Grant,,,,,,,,,,,,,
S180851,Finger,1.02,N,49.94,9.6,10.89,F,Grant,,,,,,,,,,,,,
S180852,Finger,1.03,N,48.99,10.58,11.03,F,Grant,,,,,,,,,,,,,
S180191,Arc,0.6,N,39.56,8.51,7.28,F,Grant,,,,,,,,,,,,,
S180197,Arc,0.52,N,37.61,7.94,7.45,M,Grant,,,,,,,,,,,,,
S180196,Arc,0.65,N,37.66,8.65,7.48,F,Grant,,,,,,,,,,,,,
S180192,Arc,0.83,N,44.62,9.51,8.6,F,Grant,,,,,,,,,,,,,
S180193,Arc,0.65,N,37.12,8.94,7.71,M,Grant,,,,,,,,,,,,,
S180195,Arc,0.48,N,38.24,8.14,8.09,F,Grant,,,,,,,,,,,,,
S180194,Arc,0.87,N,46.57,9.33,8.43,F,Grant,,,,,,,,,,,,,
S180180,Arc,1.06,N,44.1,10.8,9.38,M,Grant,,,,,,,,,,,,,
S180171,Arc,1.4,N,50.3,11.84,11.52,M,Grant,,,,,,,,,,,,,
S180179,Arc,0.94,N,39.77,9.88,8.47,M,Grant,,,,,,,,,,,,,
S180021,G,1.73,N,57.11,12.18,12.79,F,Grant,,,,,,,,,,,,,
S180022,G,1.19,N,49.07,10.19,10.35,F,Grant,,,,,,,,,,,,,
S180023,G,1.86,N,57.26,11.69,13.71,M,Grant,,,,,,,,,,,,,
S180024,G,1.08,N,51.69,9.87,11.44,F,Grant,,,,,,,,,,,,,
S180025,G,1,N,46.63,9.83,10.79,M,Grant,,,,,,,,,,,,,Several round tumors beneath skin
S180026,G,1.34,N,52.65,10.34,13.24,M,Grant,,,,,,,,,,,,,
S180027,G,1.15,N,48.53,9.62,11.45,M,Grant,,,,,,,,,,,,,
S180028,G,0.86,N,47.37,8.76,10.24,F,Grant,,,,,,,,,,,,,
S180029,G,1.72,N,59.15,12.09,15.45,M,Grant,,,,,,,,,,,,,
S180030,G,1.06,N,48.65,9.85,11.08,F,Grant,,,,,,,,,,,,,
S180268,Ruth,1.03,N,47.64,9.77,10.84,M,Grant,,,,,,,,,,,,,
S180267,Ruth,1.39,N,52.02,11.04,10.84,F,Grant,,,,,,,,,,,,,"Apparent fibrosis, but no worms found"
S180266,Ruth,1.07,N,46.49,9.89,9.68,F,Grant,,,,,,,,,,,,,Apparent worm (nematode)? protruding from vent
S180265,Ruth,1.2,N,50.44,10.19,11.67,M,Grant,,,,,,,,,,,,,
S180264,Ruth,1.26,Y,51.47,10.47,11.91,M,Grant,,,,,,,,,,,,,
S180263,Ruth,2.64,Y,63.57,13.5,14.43,F,Grant,,,,,,,,,,,,,
S180262,Ruth,1.03,N,49.36,10.17,11.08,F,Grant,,,,,,,,,,,,,
S180261,Ruth,0.4,N,36.32,6.99,8.33,M,Grant,,,,,,,,,,,,,
S180260,Ruth,0.32,N,30.3,7.05,6.8,U,Grant,,,,,,,,,,,,,
S180259,Ruth,1.62,N,53.96,11.32,12.45,M,Grant,,,,,,,,,,,,,
S180631,Wik,0.7,N,44.57,8,10.29,F,Grant,2.28,4.78,Grant,20,,,,,,,,,
S180632,Wik,1.49,N,58.26,10.71,13.28,F,Grant,2.92,6.36,Grant,22,,,,,,,,,
S180633,Wik,0.57,N,42.37,7.74,10.48,M,Grant,1.96,4.69,Grant,21,,,,,,,,,
S180634,Wik,0.97,N,48.79,9.69,12.08,M,Grant,2.4,5.67,Grant,21,,,,,,,,,
S180627,Wik,1.97,N,54.1,10.45,12.22,F,Grant,2.61,5.85,Grant,20,,,,,,,,,
S180628,Wik,0.84,N,48.26,8.95,11.52,M,Grant,,,,,,,,,,,,,
S180629,Wik,1.33,N,52.1,10.18,11.32,F,Grant,2.96,5.77,Grant,21,,,,,,,,,
S180630,Wik,0.6,N,42.76,8.06,10.01,F,Grant,2.08,4.72,Grant,20,,,,,,,,,
S180623,Wik,0.77,N,46.07,8.44,11.7,M,Grant,,,,,,,,,,,,,
S180624,Wik,0.67,N,44.62,8.19,10.45,M,Grant,2.1,4.94,Grant,22,,,,,,,,,
S180625,Wik,0.62,N,41.68,7.87,9.92,M,Grant,1.89,4.8,Grant,19,,,,,,,,,
S180626,Wik,0.92,N,47.96,9.27,12.17,M,Grant,2.55,5.42,Grant,21,,,,,,,,,
S180935,Long,0.75,Y,44.81,9.1,10.37,M,Grant,2.38,4.95,Grant,23,,,,,,,,,Mussel cyst
S180936,Long,0.76,N,45.02,8.85,10.21,M,Grant,2.46,4.69,Grant,23,,,,,,,,,
S180937,Long,0.84,Y,48.35,8.9,10.58,M,Grant,,,,,,,,,,,,,Mussel cysts
S180938,Long,0.83,N,45.97,8.51,9.73,M,Grant,,,,,,,,,,,,,
S180931,Long,0.85,Y,47.53,9.06,11.11,M,Grant,,,,,,,,,,,,,Mussel cysts
S180932,Long,1.31,Y,53.12,10.24,11.64,F,Grant,,,,,,,,,,,,,
S180933,Long,1.39,Y,53.92,10.63,12.99,M,Grant,,,,,,,,,,,,,
S180934,Long,0.93,N,47.06,9.13,11.55,M,Grant,2.44,5.15,Grant,22,,,,,,,,,
S180710,Long,1.35,Y,53.48,10.62,13.77,M,Grant,,,,,,,,,,,,,
S180711,Long,0.88,N,47.34,9.06,11.34,M,Grant,,,,,,,,,,,,,
S180712,Long,1.27,N,53.34,10.84,13.15,M,Grant,,,,,,,,,,,,,
S180713,Long,0.73,N,46.18,8.45,10.55,M,Grant,,,,,,,,,,,,,
S180320,Ruth,1.69,N,54.42,11.46,11.29,F,Bailey,,,,,,,,,,,,,
S180321,Ruth,0.94,N,47.46,9.66,10.96,F,Bailey,,,,,,,,,,,,,
S180322,Ruth,1.63,N,54.6,11.66,12.34,F,Bailey,,,,,,,,,,,,,
S180323,Ruth,2.47,N,61.42,12.68,15.6,M,Bailey,,,,,,,,,,,,,
S180324,Ruth,1.07,N,48.59,9.74,11.65,F,Bailey,,,,,,,,,,,,,
S180325,Ruth,1.21,Y,52.02,10.08,12.33,M,Bailey,,,,,,,,,,,,,small white parasite under right pec fin
S180326,Ruth,0.78,N,42.25,9.06,9.91,M,Bailey,,,,,,,,,,,,,
S180327,Ruth,0.96,N,44.82,9.73,10.53,F,Bailey,,,,,,,,,,,,,
S180312,Ruth,0.73,N,42.41,8.4,9.33,M,Bailey,,,,,,,,,,,,,
S180909,Walby,0.63,N,42.3,8.62,9.5,F,Grant,2.23,4.71,Grant,18,,,,,,,,,
S180910,Walby,0.59,N,40.58,8.55,9.66,F,Grant,2.25,4.87,Grant,21,,,,,,,,,
S180911,Walby,0.39,N,37.77,7.53,8.27,M,Grant,1.89,4.17,Grant,19,,,,,,,,,
S180912,Walby,0.44,N,37.8,8.11,8.72,F,Grant,2.06,4.63,Grant,20,,,,,,,,,
S180905,Walby,0.6,N,42.5,8.45,10.31,M,Grant,2.08,4.76,Grant,21,,,,,,,,,
S180906,Walby,0.65,N,39.97,8.93,9.68,F,Grant,,,,,,,,,,,,,
S180907,Walby,0.59,N,40.01,8.72,9.93,M,Grant,1.82,4.65,Grant,20,,,,,,,,,
S180908,Walby,0.54,N,37.37,8.14,9.8,F,Grant,,,,,,,,,,,,,
S180901,Walby,0.91,N,44.67,10.11,10.3,F,Grant,2.51,5.35,Grant,21,,,,,,,,,
S180902,Walby,0.96,N,44.14,10.28,9.55,F,Grant,2.5,5.21,Grant,21,,,,,,,,,
S180903,Walby,0.66,N,41.93,8.82,9.81,F,Grant,2.31,4.81,Grant,19,,,,,,,,,
S180904,Walby,1.14,N,48.87,10.47,11.6,M,Grant,2.58,5.45,Grant,21,,,,,,,,,
S180011,G,1.27,N,50.26,10.53,11.94,F,Bailey,,,,,,,,,,,,,
S180012,G,1.37,N,52.24,10.54,12.96,M,Bailey,,,,,,,,,,,,,
S180013,G,0.99,N,48.48,9.26,11.28,F,Bailey,,,,,,,,,,,,,
S180014,G,0.9,N,48.66,9.62,11.37,F,Bailey,,,,,,,,,,,,,
S180016,G,1.31,N,53.99,9.98,11.83,F,Bailey,2.63,5.59,Grant,,,,,,,,,,
S180015,G,0.95,N,50.51,9.79,11.8,F,Bailey,2.48,5.53,Grant,,,,,,,,,,
S180017,G,0.71,N,44.49,8.47,10.17,F,Bailey,2.13,5.13,Grant,,,,,,,,,,
S180018,G,1.76,N,60.95,11.51,14.98,M,Bailey,2.91,6.7,Grant,,,,,,,,,,
S180019,G,0.85,N,44.25,8.56,9.79,F,Bailey,2.56,5.4,Grant,,,,,,,,,,
S180020,G,1.82,N,56.61,12.05,14.02,M,Bailey,,,,,,,,,,,,,
S180501,Jean,1.15,N,44.18,11.12,10.37,M,Grant,,,,,,,,,,,,,
S180502,Jean,1.23,N,44.4,12,10.15,F,Grant,,,,,,,,,,,,,
S180503,Jean,1.24,N,47.78,11.57,11.8,F,Grant,,,,,,,,,,,,,
S180504,Jean,0.78,N,45.47,9.94,11.07,F,Grant,,,,,,,,,,,,,
S180505,Jean,0.83,N,43.05,10.16,10.3,M,Grant,2.25,5.45,Grant,20,,,,,,,,,
S180506,Jean,0.69,N,43.6,9.61,9.79,F,Grant,,,,,,,,,,,,,
S180507,Jean,0.97,N,47.33,10.2,10.16,F,Grant,2.57,5.53,Grant,18,,,,,,,,,
S180508,Jean,0.63,N,37.3,9.12,8.61,M,Grant,,,,,,,,,,,,,
S180509,Jean,0.39,N,36.95,8.08,8.37,F,Grant,,,,,,,,,,,,,
S180510,Jean,0.67,N,40.79,9.29,9.12,F,Grant,2.23,4.85,Grant,21,,,,,,,,,
S180856,Finger,1.27,N,50.73,11.53,10.32,F,Grant,2.67,5.54,Grant,19,,,,,,,,,
S180855,Finger,0.72,N,43.73,9.27,8.91,M,Grant,,,,,,,,,,,,,
S180854,Finger,1.39,N,54.69,10.97,11.5,F,Grant,,,,,,,,,,,,,
S180853,Finger,0.94,N,46.92,10.41,10.69,F,Grant,,,,,,,,,,,,,
S180828,Finger,1.2,N,50.59,10.59,11.08,M,Grant,,,,,,,,,,,,,Nematode? in gut
S180829,Finger,1.25,N,50.56,10.53,10.65,F,Grant,,,,,,,,,,,,,
S180830,Finger,1.33,N,49.01,11.38,10.18,F,Grant,,,,,,,,,,,,,
S180831,Finger,0.8,N,42.98,9.44,9.81,F,Grant,,,,,,,,,,,,,
S180790,Finger,0.53,N,40.91,7.98,8.55,M,Grant,,,,,,,,,,,,,
S180791,Finger,0.48,N,39.87,7.93,7.97,M,Grant,,,,,,,,,,,,,
S180826,Finger,0.95,N,46.82,9.72,10.09,F,Grant,,,,,,,,,,,,,
S180827,Finger,0.4,N,37.38,7.77,7.95,M,Grant,,,,,,,,,,,,,
S180172,Arc,1.16,N,45.31,10.28,8.81,F,Grant,,,,,,,,,,,,,
S180173,Arc,1.15,N,45.91,10.37,8.98,F,Grant,,,,,,,,,,,,,
S180174,Arc,2.26,N,61.63,13.78,11.21,F,Grant,,,,,,,,,,,,,
S180175,Arc,2.16,N,60.28,13.93,12.33,M,Grant,,,,,,,,,,,,,
S180176,Arc,2.06,N,56.34,13.32,12.39,M,Grant,,,,,,,,,,,,,
S180177,Arc,1.06,N,43.14,10.14,7.68,F,Grant,,,,,,,,,,,,,
S180178,Arc,0.75,N,44.99,9.18,8.89,F,Grant,,,,,,,,,,,,,
S180718,Long,1.06,N,51.39,9.75,12.07,M,Bailey,,,,,,,,,,,,,
S180719,Long,1.61,N,56.88,11.46,14.03,M,Bailey,,,,,,,,,,,,,
S180720,Long,0.86,N,47.46,9.84,10.44,F,Bailey,,,,,,,,,,,,,
S180721,Long,0.98,N,49.8,9.51,12.2,M,Bailey,,,,,,,,,,,,,
S180714,Long,0.74,N,45.85,8.71,10.8,M,Bailey,,,,,,,,,,,,,
S180715,Long,0.73,N,44.65,8.5,10.1,M,Bailey,,,,,,,,,,,,,
S180716,Long,0.64,N,43.61,8.29,10.35,M,Bailey,,,,,,,,,,,,,
S180717,Long,0.99,N,49.88,9.92,11.09,F,Bailey,,,,,,,,,,,,,
S180001,G,1.37,N,56.44,10.4,13.79,M,Bailey,,,,,,,,,,,,,
S180002,G,1.13,N,52.28,10.14,12.7,F,Bailey,,,,,,,,,,,,,
S180003,G,1.18,N,51.31,9.81,13.38,M,Bailey,,,,,,,,,,,,,
S180004,G,1.26,N,52.31,10.63,13.23,M,Bailey,,,,,,,,,,,,,
S180005,G,0.69,N,43.43,8.45,9.45,F,Bailey,,,,,,,,,,,,,
S180006,G,1.17,Y,50.16,10.75,12.6,M,Bailey,,,,,,,,,,,,,White spots on side and back
S180007,G,0.66,N,43.8,8.97,10.01,F,Bailey,,,,,,,,,,,,,
S180008,G,1.09,N,48.39,9.7,11.96,M,Bailey,,,,,,,,,,,,,
S180009,G,0.58,N,40.85,8.08,9.31,F,Bailey,,,,,,,,,,,,,
S180010,G,1.53,N,56.59,11.34,14.1,M,Bailey,2.81,6.25,Grant,20,,,,,,,,,
S180081,G,1.21,N,50.36,10.44,11.06,F,Grant,,,,,,,,,,,,,
S180082,G,1.44,N,54.25,11.01,11.76,F,Grant,2.7,5.99,Grant,21,,,,,,,,,
S180083,G,1.02,N,50.06,9.26,10.9,F,Grant,,,,,,,,,,,,,
S180084,G,1.84,N,56.88,11.44,12.78,M,Grant,2.96,6.46,Grant,21,,,,,,,,,
S180085,G,1.9,N,56.47,12.13,13.72,M,Grant,,,,,,,,,,,,,
S180086,G,0.77,N,43.65,9.23,8.8,F,Grant,,,,,,,,,,,,,
S180087,G,1.57,N,54.67,11.22,12.83,M,Grant,2.71,6.4,Grant,19,,,,,,,,,
S180088,G,0.96,N,49.4,9.54,11.5,F,Grant,,,,,,,,,,,,,
S180089,G,0.8,N,44.19,9.53,9.22,F,Grant,,,,,,,,,,,,,
S180090,G,1.65,N,52.41,11.33,12.68,M,Grant,,,,,,,,,,,,,
S180071,G,1.15,N,51.31,10.07,12.67,M,Bailey ,,,,,,,,,,,,,
S180072,G,1.62,N,54.33,10.87,13.47,M,Bailey ,,,,,,,,,,,,,
S180073,G,1.34,N,49.68,10.45,10.87,F,Bailey ,,,,,,,,,,,,,
S180074,G,1.56,N,54.08,11.46,13.02,M,Bailey ,,,,,,,,,,,,,
S180075,G,1.52,N,55.36,11.14,14.28,M,Bailey ,,,,,,,,,,,,,
S180076,G,2.39,N,61.41,12.46,16.24,M,Bailey ,,,,,,,,,,,,,
S180077,G,1.44,N,56.02,10.47,13.38,M,Bailey ,,,,,,,,,,,,,
S180078,G,1.17,N,49,9.75,11.31,F,Bailey ,,,,,,,,,,,,,
S180079,G,1.54,N,54.36,10.74,13.67,M,Bailey ,2.94,5.98,Grant,21,,,,,,,,,
S180080,G,1.96,N,59.22,11.58,15.6,M,Bailey ,,,,,,,,,,,,,